customer_id,recency_days,frequency,monetary_value,R,F,M,rfm_score,rfm_segment
CUST-0001,408,1,11879.53,1,1,3,113,Other
CUST-0002,29,4,30803.03,5,4,5,545,Champions
CUST-0003,34,6,29538.8,5,5,5,555,Champions
CUST-0004,33,3,16183.03,5,3,4,534,Other
CUST-0005,156,4,18925.73,3,4,4,344,At Risk
CUST-0007,116,4,14156.64,4,4,3,443,Other
CUST-0008,141,4,14215.18,3,4,3,343,Other
CUST-0009,117,5,15127.14,4,5,4,454,Loyal
CUST-0012,79,2,4820.27,4,2,2,422,Other
CUST-0013,186,2,1478.39,3,2,1,321,Other
CUST-0014,26,4,17799.96,5,4,4,544,Champions
CUST-0015,302,1,3013.96,2,1,1,211,Lost
CUST-0016,443,2,20310.76,1,2,4,124,Other
CUST-0019,177,2,9015.83,3,2,2,322,Other
CUST-0020,279,3,6372.12,2,3,2,232,Other
CUST-0021,36,3,7208.11,5,3,2,532,Other
CUST-0022,67,3,9790.84,4,3,2,432,Other
CUST-0023,192,4,18517.99,3,4,4,344,At Risk
CUST-0024,44,3,12310.57,5,3,3,533,Other
CUST-0025,227,3,12219.44,3,3,3,333,At Risk
CUST-0026,33,7,29342.69,5,5,5,555,Champions
CUST-0027,367,1,8879.53,2,1,2,212,Lost
CUST-0028,61,4,15729.67,4,4,4,444,Loyal
CUST-0029,435,3,5476.26,1,3,2,132,Other
CUST-0031,4,3,8514.76,5,3,2,532,Other
CUST-0032,276,1,15723.36,2,1,4,214,Other
CUST-0033,28,3,8409.13,5,3,2,532,Other
CUST-0034,26,2,1016.43,5,2,1,521,Other
CUST-0036,75,2,8568.37,4,2,2,422,Other
CUST-0037,92,1,12190.41,4,1,3,413,Other
CUST-0038,4,6,35995.5,5,5,5,555,Champions
CUST-0039,24,2,2683.29,5,2,1,521,Other
CUST-0040,193,2,10443.34,3,2,3,323,Other
CUST-0041,138,2,2157.66,4,2,1,421,Other
CUST-0042,637,1,4264.91,1,1,1,111,Lost
CUST-0043,84,5,30004.18,4,5,5,455,Loyal
CUST-0044,220,5,31014.59,3,5,5,355,At Risk
CUST-0045,389,2,16674.94,1,2,4,124,Other
CUST-0046,52,6,50087.85,5,5,5,555,Champions
CUST-0048,539,2,2721.3,1,2,1,121,Lost
CUST-0049,323,4,31163.33,2,4,5,245,Other
CUST-0050,250,3,5483.08,2,3,2,232,Other
CUST-0051,18,1,17064.34,5,1,4,514,Other
CUST-0052,149,4,17957.36,3,4,4,344,At Risk
CUST-0053,373,2,9723.58,2,2,2,222,Other
CUST-0054,121,6,27916.09,4,5,5,455,Loyal
CUST-0055,77,7,43196.92,4,5,5,455,Loyal
CUST-0056,474,3,6308.42,1,3,2,132,Other
CUST-0057,5,3,8908.99,5,3,2,532,Other
CUST-0058,184,3,3981.93,3,3,1,331,Other
CUST-0059,280,3,27729.5,2,3,5,235,Other
CUST-0060,25,4,19909.77,5,4,4,544,Champions
CUST-0061,20,6,27643.58,5,5,5,555,Champions
CUST-0062,145,4,9721.95,3,4,2,342,Other
CUST-0063,3,6,39489.56,5,5,5,555,Champions
CUST-0064,603,1,10440.0,1,1,3,113,Other
CUST-0065,443,2,17704.0,1,2,4,124,Other
CUST-0066,39,2,849.73,5,2,1,521,Other
CUST-0067,618,2,14535.92,1,2,3,123,Other
CUST-0068,220,5,32051.24,3,5,5,355,At Risk
CUST-0069,11,4,17957.15,5,4,4,544,Champions
CUST-0070,682,2,4119.45,1,2,1,121,Lost
CUST-0071,603,1,1632.87,1,1,1,111,Lost
CUST-0073,117,6,51653.73,4,5,5,455,Loyal
CUST-0075,81,4,16828.63,4,4,4,444,Loyal
CUST-0076,192,3,20052.21,3,3,4,334,Other
CUST-0077,7,9,45547.46,5,5,5,555,Champions
CUST-0078,175,2,2250.24,3,2,1,321,Other
CUST-0079,626,1,5407.99,1,1,2,112,Lost
CUST-0080,407,1,497.91,1,1,1,111,Lost
CUST-0081,130,5,24649.01,4,5,5,455,Loyal
CUST-0082,143,3,9830.7,3,3,3,333,At Risk
CUST-0083,222,1,7831.34,3,1,2,312,Other
CUST-0084,36,4,46648.25,5,4,5,545,Champions
CUST-0085,49,5,30065.7,5,5,5,555,Champions
CUST-0086,35,6,22263.37,5,5,4,554,Champions
CUST-0087,201,3,32598.78,3,3,5,335,Other
CUST-0088,246,4,23436.35,2,4,5,245,Other
CUST-0090,62,3,19311.83,4,3,4,434,Other
CUST-0091,403,4,13837.02,1,4,3,143,Other
CUST-0092,1,1,1041.28,5,1,1,511,Other
CUST-0093,42,3,19809.63,5,3,4,534,Other
CUST-0094,604,1,2045.9,1,1,1,111,Lost
CUST-0095,64,6,29241.88,4,5,5,455,Loyal
CUST-0096,155,4,8762.53,3,4,2,342,Other
CUST-0097,177,1,817.82,3,1,1,311,Other
CUST-0098,476,2,23167.4,1,2,5,125,Other
CUST-0099,50,4,11394.99,5,4,3,543,Other
CUST-0100,254,1,19103.95,2,1,4,214,Other
CUST-0101,267,2,10956.71,2,2,3,223,Other
CUST-0102,112,1,1615.49,4,1,1,411,Other
CUST-0103,296,3,29277.08,2,3,5,235,Other
CUST-0105,333,1,1382.85,2,1,1,211,Lost
CUST-0106,221,2,11617.47,3,2,3,323,Other
CUST-0107,180,1,6027.89,3,1,2,312,Other
CUST-0108,77,5,28730.19,4,5,5,455,Loyal
CUST-0109,205,3,27693.58,3,3,5,335,Other
CUST-0110,171,1,8306.12,3,1,2,312,Other
CUST-0111,244,2,13943.99,2,2,3,223,Other
CUST-0112,500,1,4225.97,1,1,1,111,Lost
CUST-0113,345,1,4258.11,2,1,1,211,Lost
CUST-0114,671,1,3298.16,1,1,1,111,Lost
CUST-0115,24,6,39376.89,5,5,5,555,Champions
CUST-0117,120,2,3146.8,4,2,1,421,Other
CUST-0118,98,4,11683.3,4,4,3,443,Other
CUST-0119,14,2,13404.26,5,2,3,523,Other
CUST-0120,153,5,28029.15,3,5,5,355,At Risk
CUST-0121,66,3,15416.56,4,3,4,434,Other
CUST-0122,306,4,12641.59,2,4,3,243,Other
CUST-0123,459,4,21015.36,1,4,4,144,Other
CUST-0124,40,3,22509.75,5,3,4,534,Other
CUST-0125,234,4,18584.99,3,4,4,344,At Risk
CUST-0126,57,1,3739.64,5,1,1,511,Other
CUST-0127,546,1,9372.74,1,1,2,112,Lost
CUST-0128,359,2,7328.64,2,2,2,222,Other
CUST-0129,44,6,17967.11,5,5,4,554,Champions
CUST-0130,120,4,20239.17,4,4,4,444,Loyal
CUST-0131,41,1,14505.74,5,1,3,513,Other
CUST-0132,185,2,9226.91,3,2,2,322,Other
CUST-0133,299,1,594.08,2,1,1,211,Lost
CUST-0134,106,6,24277.26,4,5,5,455,Loyal
CUST-0135,118,3,17770.05,4,3,4,434,Other
CUST-0136,18,2,9552.46,5,2,2,522,Other
CUST-0137,94,2,10307.48,4,2,3,423,Other
CUST-0138,522,3,15029.19,1,3,3,133,Other
CUST-0139,11,4,16628.98,5,4,4,544,Champions
CUST-0140,687,1,1899.55,1,1,1,111,Lost
CUST-0141,242,2,2949.72,2,2,1,221,Other
CUST-0144,2,3,6434.11,5,3,2,532,Other
CUST-0145,86,3,24587.14,4,3,5,435,Loyal
CUST-0146,82,3,15137.08,4,3,4,434,Other
CUST-0147,312,3,3106.99,2,3,1,231,Other
CUST-0148,125,4,16511.03,4,4,4,444,Loyal
CUST-0149,182,1,3622.03,3,1,1,311,Other
CUST-0150,450,1,1172.3,1,1,1,111,Lost
CUST-0151,91,3,2249.52,4,3,1,431,Other
CUST-0152,15,4,31845.68,5,4,5,545,Champions
CUST-0153,123,2,11441.35,4,2,3,423,Other
CUST-0154,184,2,3010.24,3,2,1,321,Other
CUST-0155,294,2,5139.78,2,2,2,222,Other
CUST-0156,374,1,1498.61,2,1,1,211,Lost
CUST-0157,92,3,25001.87,4,3,5,435,Loyal
CUST-0158,55,5,14311.72,5,5,3,553,Other
CUST-0159,343,3,11641.44,2,3,3,233,Other
CUST-0160,100,6,31947.74,4,5,5,455,Loyal
CUST-0161,189,2,6225.24,3,2,2,322,Other
CUST-0162,176,3,7586.61,3,3,2,332,Other
CUST-0163,215,2,7399.83,3,2,2,322,Other
CUST-0164,147,3,10937.95,3,3,3,333,At Risk
CUST-0165,365,4,25220.8,2,4,5,245,Other
CUST-0166,637,1,11430.07,1,1,3,113,Other
CUST-0168,394,1,418.07,1,1,1,111,Lost
CUST-0169,38,3,13199.59,5,3,3,533,Other
CUST-0171,155,3,13746.16,3,3,3,333,At Risk
CUST-0172,151,1,2486.74,3,1,1,311,Other
CUST-0173,611,1,14935.28,1,1,3,113,Other
CUST-0174,67,4,30076.41,4,4,5,445,Loyal
CUST-0175,597,1,1937.66,1,1,1,111,Lost
CUST-0176,441,2,13212.84,1,2,3,123,Other
CUST-0177,156,5,15661.03,3,5,4,354,At Risk
CUST-0178,272,2,5813.41,2,2,2,222,Other
CUST-0179,491,3,8224.96,1,3,2,132,Other
CUST-0180,251,3,19668.67,2,3,4,234,Other
CUST-0181,419,1,459.44,1,1,1,111,Lost
CUST-0182,215,2,6697.14,3,2,2,322,Other
CUST-0183,209,5,20739.0,3,5,4,354,At Risk
CUST-0184,19,4,16952.03,5,4,4,544,Champions
CUST-0185,141,3,12822.18,3,3,3,333,At Risk
CUST-0186,71,3,13070.92,4,3,3,433,Other
CUST-0188,36,2,14961.84,5,2,3,523,Other
CUST-0189,317,2,7723.99,2,2,2,222,Other
CUST-0191,11,3,5383.77,5,3,2,532,Other
CUST-0192,321,3,7180.81,2,3,2,232,Other
CUST-0193,16,1,1601.34,5,1,1,511,Other
CUST-0194,117,2,5529.54,4,2,2,422,Other
CUST-0195,491,1,633.03,1,1,1,111,Lost
CUST-0196,9,2,9952.16,5,2,3,523,Other
CUST-0197,220,3,26704.53,3,3,5,335,Other
CUST-0198,544,1,5449.85,1,1,2,112,Lost
CUST-0199,520,1,2034.85,1,1,1,111,Lost
CUST-0200,411,2,14424.56,1,2,3,123,Other
CUST-0201,308,1,20035.76,2,1,4,214,Other
CUST-0202,238,3,18936.38,3,3,4,334,Other
CUST-0203,29,3,9542.15,5,3,2,532,Other
CUST-0204,41,3,20114.32,5,3,4,534,Other
CUST-0205,624,2,12978.51,1,2,3,123,Other
CUST-0206,313,3,21605.19,2,3,4,234,Other
CUST-0207,366,4,14429.54,2,4,3,243,Other
CUST-0208,340,1,12680.59,2,1,3,213,Other
CUST-0209,62,6,34519.62,4,5,5,455,Loyal
CUST-0210,44,3,13731.5,5,3,3,533,Other
CUST-0211,254,4,17778.33,2,4,4,244,Other
CUST-0212,143,1,4377.2,3,1,1,311,Other
CUST-0213,530,2,5972.23,1,2,2,122,Lost
CUST-0214,32,4,14917.31,5,4,3,543,Other
CUST-0215,86,3,18233.99,4,3,4,434,Other
CUST-0216,308,5,34555.42,2,5,5,255,At Risk
CUST-0217,130,3,12048.93,4,3,3,433,Other
CUST-0218,352,4,27823.23,2,4,5,245,Other
CUST-0219,510,1,6817.46,1,1,2,112,Lost
CUST-0220,38,5,45820.08,5,5,5,555,Champions
CUST-0221,93,2,864.71,4,2,1,421,Other
CUST-0222,118,5,30269.72,4,5,5,455,Loyal
CUST-0223,124,3,16117.92,4,3,4,434,Other
CUST-0224,331,2,8981.98,2,2,2,222,Other
CUST-0225,169,2,11740.38,3,2,3,323,Other
CUST-0226,56,3,4473.65,5,3,2,532,Other
CUST-0227,20,4,40740.33,5,4,5,545,Champions
CUST-0228,327,2,15541.07,2,2,4,224,Other
CUST-0229,155,4,16769.28,3,4,4,344,At Risk
CUST-0230,431,2,3141.78,1,2,1,121,Lost
CUST-0232,156,1,989.68,3,1,1,311,Other
CUST-0233,297,3,22870.45,2,3,4,234,Other
CUST-0234,93,2,10430.13,4,2,3,423,Other
CUST-0235,436,2,6872.6,1,2,2,122,Lost
CUST-0236,613,4,23023.53,1,4,4,144,Other
CUST-0237,652,1,1991.4,1,1,1,111,Lost
CUST-0238,180,2,6249.89,3,2,2,322,Other
CUST-0240,282,5,28978.08,2,5,5,255,At Risk
CUST-0241,150,2,10317.1,3,2,3,323,Other
CUST-0242,46,4,30575.16,5,4,5,545,Champions
CUST-0243,384,2,29069.94,2,2,5,225,Other
CUST-0244,388,2,11222.2,1,2,3,123,Other
CUST-0245,47,3,13137.26,5,3,3,533,Other
CUST-0246,80,5,28560.18,4,5,5,455,Loyal
CUST-0247,146,2,13691.78,3,2,3,323,Other
CUST-0248,414,2,6781.16,1,2,2,122,Lost
CUST-0249,367,3,14789.15,2,3,3,233,Other
CUST-0250,399,4,34403.87,1,4,5,145,Other
CUST-0251,541,1,11059.11,1,1,3,113,Other
CUST-0252,21,3,12260.94,5,3,3,533,Other
CUST-0253,188,4,25918.12,3,4,5,345,At Risk
CUST-0254,112,2,10963.46,4,2,3,423,Other
CUST-0255,60,4,9984.63,4,4,3,443,Other
CUST-0257,26,2,18867.4,5,2,4,524,Other
CUST-0258,78,1,846.05,4,1,1,411,Other
CUST-0259,465,2,3516.15,1,2,1,121,Lost
CUST-0260,217,3,9161.42,3,3,2,332,Other
CUST-0261,468,1,3650.81,1,1,1,111,Lost
CUST-0262,2,6,23781.11,5,5,5,555,Champions
CUST-0263,387,2,9289.96,2,2,2,222,Other
CUST-0264,19,3,15403.41,5,3,4,534,Other
CUST-0265,441,2,3469.02,1,2,1,121,Lost
CUST-0266,147,3,23751.27,3,3,5,335,Other
CUST-0267,79,3,5269.89,4,3,2,432,Other
CUST-0268,167,3,22946.89,3,3,4,334,Other
CUST-0269,440,2,4854.56,1,2,2,122,Lost
CUST-0270,638,1,5866.71,1,1,2,112,Lost
CUST-0271,212,3,7896.29,3,3,2,332,Other
CUST-0273,36,1,3078.45,5,1,1,511,Other
CUST-0274,198,4,23403.14,3,4,5,345,At Risk
CUST-0275,298,3,15580.58,2,3,4,234,Other
CUST-0276,343,4,24090.58,2,4,5,245,Other
CUST-0277,135,7,45952.42,4,5,5,455,Loyal
CUST-0278,38,1,1852.56,5,1,1,511,Other
CUST-0279,192,1,75.6,3,1,1,311,Other
CUST-0280,730,1,5947.98,1,1,2,112,Lost
CUST-0281,463,4,16350.9,1,4,4,144,Other
CUST-0282,283,2,2515.58,2,2,1,221,Other
CUST-0283,5,1,1995.53,5,1,1,511,Other
CUST-0284,196,2,1736.97,3,2,1,321,Other
CUST-0285,236,4,6308.34,3,4,2,342,Other
CUST-0286,7,5,10195.39,5,5,3,553,Other
CUST-0287,357,2,8243.56,2,2,2,222,Other
CUST-0288,413,2,4859.86,1,2,2,122,Lost
CUST-0289,78,4,21270.29,4,4,4,444,Loyal
CUST-0290,411,3,21097.15,1,3,4,134,Other
CUST-0291,310,3,12553.2,2,3,3,233,Other
CUST-0292,65,4,17778.45,4,4,4,444,Loyal
CUST-0293,33,3,24079.74,5,3,5,535,Other
CUST-0294,216,6,41102.42,3,5,5,355,At Risk
CUST-0296,154,3,13563.41,3,3,3,333,At Risk
CUST-0297,307,4,30758.3,2,4,5,245,Other
CUST-0298,156,1,2489.58,3,1,1,311,Other
CUST-0299,300,4,29105.22,2,4,5,245,Other
CUST-0300,147,2,10916.61,3,2,3,323,Other
CUST-0301,158,5,21881.97,3,5,4,354,At Risk
CUST-0302,153,3,24589.14,3,3,5,335,Other
CUST-0303,250,6,36293.41,2,5,5,255,At Risk
CUST-0304,730,1,6642.03,1,1,2,112,Lost
CUST-0306,120,2,1886.67,4,2,1,421,Other
CUST-0307,501,2,3199.71,1,2,1,121,Lost
CUST-0308,159,2,22836.49,3,2,4,324,Other
CUST-0309,293,2,4091.67,2,2,1,221,Other
CUST-0310,69,3,19692.22,4,3,4,434,Other
CUST-0311,186,2,3807.31,3,2,1,321,Other
CUST-0312,171,3,7445.26,3,3,2,332,Other
CUST-0313,731,1,9336.56,1,1,2,112,Lost
CUST-0314,646,2,10934.38,1,2,3,123,Other
CUST-0315,430,1,15229.99,1,1,4,114,Other
CUST-0316,424,1,8635.52,1,1,2,112,Lost
CUST-0317,116,3,5724.79,4,3,2,432,Other
CUST-0318,33,3,14197.09,5,3,3,533,Other
CUST-0319,221,3,18444.25,3,3,4,334,Other
CUST-0320,186,3,9800.92,3,3,3,333,At Risk
CUST-0321,21,11,47391.37,5,5,5,555,Champions
CUST-0322,116,4,10034.82,4,4,3,443,Other
CUST-0323,106,5,33228.42,4,5,5,455,Loyal
CUST-0324,210,2,3819.66,3,2,1,321,Other
CUST-0325,113,2,13238.64,4,2,3,423,Other
CUST-0327,97,6,18842.2,4,5,4,454,Loyal
CUST-0328,45,1,634.86,5,1,1,511,Other
CUST-0329,394,3,18450.54,1,3,4,134,Other
CUST-0330,398,1,6810.43,1,1,2,112,Lost
CUST-0331,35,3,22948.17,5,3,4,534,Other
CUST-0332,136,3,15565.44,4,3,4,434,Other
CUST-0333,43,5,34898.59,5,5,5,555,Champions
CUST-0334,136,5,24446.58,4,5,5,455,Loyal
CUST-0335,83,3,5847.53,4,3,2,432,Other
CUST-0336,188,1,886.44,3,1,1,311,Other
CUST-0337,44,4,14129.48,5,4,3,543,Other
CUST-0338,267,4,9709.5,2,4,2,242,Other
CUST-0339,10,2,20363.66,5,2,4,524,Other
CUST-0341,257,4,10229.22,2,4,3,243,Other
CUST-0342,258,2,22800.36,2,2,4,224,Other
CUST-0343,44,1,3447.91,5,1,1,511,Other
CUST-0344,54,4,3357.89,5,4,1,541,Other
CUST-0345,428,2,10625.52,1,2,3,123,Other
CUST-0346,94,1,6454.03,4,1,2,412,Other
CUST-0347,20,9,38758.54,5,5,5,555,Champions
CUST-0348,391,1,582.88,1,1,1,111,Lost
CUST-0349,3,1,2754.4,5,1,1,511,Other
CUST-0350,139,7,49846.01,4,5,5,455,Loyal
CUST-0351,108,3,8651.06,4,3,2,432,Other
CUST-0352,312,2,2417.86,2,2,1,221,Other
CUST-0353,73,3,5323.8,4,3,2,432,Other
CUST-0354,48,3,5615.63,5,3,2,532,Other
CUST-0355,60,4,15564.48,4,4,4,444,Loyal
CUST-0356,147,2,15457.29,3,2,4,324,Other
CUST-0357,17,5,25316.88,5,5,5,555,Champions
CUST-0358,349,2,5484.84,2,2,2,222,Other
CUST-0359,6,4,31993.25,5,4,5,545,Champions
CUST-0360,63,7,31434.96,4,5,5,455,Loyal
CUST-0361,267,3,30089.39,2,3,5,235,Other
CUST-0362,59,5,21444.73,5,5,4,554,Champions
CUST-0363,405,2,9125.2,1,2,2,122,Lost
CUST-0364,470,1,3757.18,1,1,1,111,Lost
CUST-0365,64,3,21500.55,4,3,4,434,Other
CUST-0366,249,2,13288.89,2,2,3,223,Other
CUST-0367,119,4,25765.4,4,4,5,445,Loyal
CUST-0368,86,1,874.98,4,1,1,411,Other
CUST-0369,135,5,52019.93,4,5,5,455,Loyal
CUST-0370,95,1,8063.25,4,1,2,412,Other
CUST-0371,232,3,29463.24,3,3,5,335,Other
CUST-0372,15,4,23257.13,5,4,5,545,Champions
CUST-0373,75,1,7281.91,4,1,2,412,Other
CUST-0375,490,1,3180.09,1,1,1,111,Lost
CUST-0376,225,3,6386.15,3,3,2,332,Other
CUST-0377,584,1,9246.61,1,1,2,112,Lost
CUST-0378,246,4,8239.19,2,4,2,242,Other
CUST-0379,82,7,32434.96,4,5,5,455,Loyal
CUST-0380,33,3,16069.52,5,3,4,534,Other
CUST-0381,29,3,5639.85,5,3,2,532,Other
CUST-0382,195,1,255.24,3,1,1,311,Other
CUST-0383,163,4,34764.89,3,4,5,345,At Risk
CUST-0384,1,5,23794.82,5,5,5,555,Champions
CUST-0385,47,2,18110.35,5,2,4,524,Other
CUST-0386,414,1,14201.53,1,1,3,113,Other
CUST-0387,279,2,11116.65,2,2,3,223,Other
CUST-0388,250,1,6189.79,2,1,2,212,Lost
CUST-0389,67,4,26958.16,4,4,5,445,Loyal
CUST-0390,253,1,4165.78,2,1,1,211,Lost
CUST-0391,105,2,3270.41,4,2,1,421,Other
CUST-0392,95,2,11444.22,4,2,3,423,Other
CUST-0393,309,2,10754.78,2,2,3,223,Other
CUST-0394,311,2,12816.67,2,2,3,223,Other
CUST-0395,36,5,24699.87,5,5,5,555,Champions
CUST-0396,146,4,17963.44,3,4,4,344,At Risk
CUST-0397,59,2,6697.97,5,2,2,522,Other
CUST-0398,134,4,13032.27,4,4,3,443,Other
CUST-0399,8,5,11689.85,5,5,3,553,Other
CUST-0400,17,3,10726.31,5,3,3,533,Other
CUST-0401,499,4,24734.57,1,4,5,145,Other
CUST-0402,136,1,682.95,4,1,1,411,Other
CUST-0403,174,1,2154.6,3,1,1,311,Other
CUST-0404,58,3,6410.89,5,3,2,532,Other
CUST-0405,291,1,4937.48,2,1,2,212,Lost
CUST-0406,428,2,3988.04,1,2,1,121,Lost
CUST-0407,155,3,25748.66,3,3,5,335,Other
CUST-0409,140,1,655.87,3,1,1,311,Other
CUST-0410,56,2,8141.64,5,2,2,522,Other
CUST-0411,190,5,16600.09,3,5,4,354,At Risk
CUST-0412,119,8,70910.16,4,5,5,455,Loyal
CUST-0413,312,1,5187.52,2,1,2,212,Lost
CUST-0414,203,2,4108.14,3,2,1,321,Other
CUST-0415,71,5,30029.32,4,5,5,455,Loyal
CUST-0416,52,3,16064.02,5,3,4,534,Other
CUST-0417,180,3,25246.52,3,3,5,335,Other
CUST-0420,421,1,1961.51,1,1,1,111,Lost
CUST-0421,347,1,822.33,2,1,1,211,Lost
CUST-0422,433,2,1348.03,1,2,1,121,Lost
CUST-0423,135,1,11490.28,4,1,3,413,Other
CUST-0424,145,2,5963.83,3,2,2,322,Other
CUST-0425,217,2,16200.17,3,2,4,324,Other
CUST-0426,26,3,7379.87,5,3,2,532,Other
CUST-0427,67,3,23092.83,4,3,4,434,Other
CUST-0428,80,5,16015.0,4,5,4,454,Loyal
CUST-0429,143,6,50921.06,3,5,5,355,At Risk
CUST-0430,69,5,27748.44,4,5,5,455,Loyal
CUST-0431,270,5,16982.01,2,5,4,254,Other
CUST-0432,333,5,26829.2,2,5,5,255,At Risk
CUST-0433,236,3,2188.87,3,3,1,331,Other
CUST-0434,429,1,1361.13,1,1,1,111,Lost
CUST-0435,88,3,5538.41,4,3,2,432,Other
CUST-0436,66,3,5261.64,4,3,2,432,Other
CUST-0437,557,3,20495.29,1,3,4,134,Other
CUST-0438,151,1,742.7,3,1,1,311,Other
CUST-0439,163,3,16444.21,3,3,4,334,Other
CUST-0440,246,2,15071.56,2,2,3,223,Other
CUST-0441,357,3,8725.41,2,3,2,232,Other
CUST-0442,167,3,5733.81,3,3,2,332,Other
CUST-0443,411,2,8178.05,1,2,2,122,Lost
CUST-0444,153,3,15840.12,3,3,4,334,Other
CUST-0445,162,3,20325.65,3,3,4,334,Other
CUST-0446,32,2,6776.96,5,2,2,522,Other
CUST-0447,104,2,14802.82,4,2,3,423,Other
CUST-0448,373,3,11606.53,2,3,3,233,Other
CUST-0449,77,4,9354.56,4,4,2,442,Other
CUST-0450,62,2,12818.47,4,2,3,423,Other
CUST-0451,163,4,20974.69,3,4,4,344,At Risk
CUST-0452,46,6,6480.87,5,5,2,552,Other
CUST-0453,77,2,5524.49,4,2,2,422,Other
CUST-0454,14,1,8584.29,5,1,2,512,Other
CUST-0455,89,7,53481.31,4,5,5,455,Loyal
CUST-0456,335,6,33154.84,2,5,5,255,At Risk
CUST-0457,43,2,17254.97,5,2,4,524,Other
CUST-0458,165,3,10870.91,3,3,3,333,At Risk
CUST-0459,503,2,6803.28,1,2,2,122,Lost
CUST-0460,193,3,10813.51,3,3,3,333,At Risk
CUST-0461,68,5,28913.64,4,5,5,455,Loyal
CUST-0462,662,1,4308.29,1,1,1,111,Lost
CUST-0463,150,6,16041.01,3,5,4,354,At Risk
CUST-0464,255,2,16971.36,2,2,4,224,Other
CUST-0465,258,4,22264.04,2,4,4,244,Other
CUST-0466,18,5,37901.94,5,5,5,555,Champions
CUST-0467,550,3,6273.08,1,3,2,132,Other
CUST-0468,12,6,17386.51,5,5,4,554,Champions
CUST-0469,186,3,9890.55,3,3,3,333,At Risk
CUST-0470,421,2,6240.06,1,2,2,122,Lost
CUST-0471,566,1,13978.16,1,1,3,113,Other
CUST-0472,201,5,43524.68,3,5,5,355,At Risk
CUST-0473,440,2,12833.44,1,2,3,123,Other
CUST-0474,23,3,12870.19,5,3,3,533,Other
CUST-0475,340,5,18088.7,2,5,4,254,Other
CUST-0477,190,4,16956.96,3,4,4,344,At Risk
CUST-0478,155,1,6121.65,3,1,2,312,Other
CUST-0479,176,1,7422.65,3,1,2,312,Other
CUST-0480,32,5,37816.46,5,5,5,555,Champions
CUST-0481,675,1,1547.54,1,1,1,111,Lost
CUST-0482,59,3,12245.84,5,3,3,533,Other
CUST-0483,6,4,30274.76,5,4,5,545,Champions
CUST-0484,36,6,18947.46,5,5,4,554,Champions
CUST-0485,257,1,2896.51,2,1,1,211,Lost
CUST-0486,62,2,107.42,4,2,1,421,Other
CUST-0487,291,3,7388.95,2,3,2,232,Other
CUST-0488,380,1,6497.08,2,1,2,212,Lost
CUST-0489,433,3,11509.35,1,3,3,133,Other
CUST-0490,566,3,5766.93,1,4,2,142,Other
CUST-0491,484,3,7966.12,1,4,2,142,Other
CUST-0492,446,1,889.53,1,1,1,111,Lost
CUST-0493,248,3,11201.37,2,4,3,243,Other
CUST-0494,305,1,2169.24,2,1,1,211,Lost
CUST-0496,481,1,7420.51,1,1,2,112,Lost
CUST-0497,432,2,12106.09,1,2,3,123,Other
CUST-0498,403,2,12062.78,1,2,3,123,Other
CUST-0499,92,5,36042.37,4,5,5,455,Loyal
CUST-0501,81,4,17430.87,4,4,4,444,Loyal
CUST-0502,12,3,13292.11,5,4,3,543,Other
CUST-0503,54,2,14257.95,5,2,3,523,Other
CUST-0504,500,1,16966.58,1,1,4,114,Other
CUST-0505,103,3,25177.33,4,4,5,445,Loyal
CUST-0506,86,1,1906.07,4,1,1,411,Other
CUST-0508,334,2,5405.71,2,2,2,222,Other
CUST-0509,18,6,36926.89,5,5,5,555,Champions
CUST-0510,240,2,18118.43,2,2,4,224,Other
CUST-0511,70,3,33335.87,4,4,5,445,Loyal
CUST-0512,146,3,24670.24,3,4,5,345,At Risk
CUST-0513,494,1,3957.17,1,1,1,111,Lost
CUST-0516,203,4,17081.55,3,4,4,344,At Risk
CUST-0517,551,1,1023.57,1,1,1,111,Lost
CUST-0518,225,1,6819.28,3,1,2,312,Other
CUST-0519,165,2,14358.47,3,2,3,323,Other
CUST-0520,297,1,2271.4,2,1,1,211,Lost
CUST-0521,25,2,3762.9,5,2,1,521,Other
CUST-0522,514,2,5355.42,1,2,2,122,Lost
CUST-0523,385,2,4819.22,2,2,2,222,Other
CUST-0524,23,6,33707.19,5,5,5,555,Champions
CUST-0525,477,1,5382.82,1,1,2,112,Lost
CUST-0526,96,2,3669.39,4,2,1,421,Other
CUST-0527,156,2,8414.07,3,2,2,322,Other
CUST-0529,9,1,10159.91,5,1,3,513,Other
CUST-0530,384,2,4090.94,2,2,1,221,Other
CUST-0531,21,4,21279.7,5,4,4,544,Champions
CUST-0532,170,2,1638.51,3,2,1,321,Other
CUST-0533,71,2,10022.79,4,2,3,423,Other
CUST-0534,43,3,24896.34,5,4,5,545,Champions
CUST-0535,228,3,17109.78,3,4,4,344,At Risk
CUST-0536,449,2,3721.43,1,2,1,121,Lost
CUST-0537,473,2,11880.95,1,2,3,123,Other
CUST-0539,264,2,12790.53,2,2,3,223,Other
CUST-0540,52,3,9966.8,5,4,3,543,Other
CUST-0541,140,2,3075.64,3,2,1,321,Other
CUST-0542,101,3,33112.37,4,4,5,445,Loyal
CUST-0543,112,2,10998.52,4,2,3,423,Other
CUST-0544,352,3,17250.68,2,4,4,244,Other
CUST-0545,429,1,3094.31,1,1,1,111,Lost
CUST-0546,590,3,23607.33,1,4,5,145,Other
CUST-0548,308,2,16047.45,2,2,4,224,Other
CUST-0549,361,3,17028.21,2,4,4,244,Other
CUST-0550,395,1,4268.77,1,1,1,111,Lost
CUST-0551,211,2,11666.86,3,2,3,323,Other
CUST-0552,60,3,14038.5,4,4,3,443,Other
CUST-0554,149,5,10748.56,3,5,3,353,Other
CUST-0555,397,4,28995.68,1,4,5,145,Other
CUST-0556,25,1,1454.49,5,1,1,511,Other
CUST-0557,313,3,24336.17,2,4,5,245,Other
CUST-0558,191,1,10911.73,3,1,3,313,Other
CUST-0559,355,1,4505.27,2,1,2,212,Lost
CUST-0560,55,1,413.92,5,1,1,511,Other
CUST-0561,148,4,22237.27,3,4,4,344,At Risk
CUST-0562,645,1,2013.52,1,1,1,111,Lost
CUST-0563,240,3,16619.88,2,4,4,244,Other
CUST-0564,20,5,40354.48,5,5,5,555,Champions
CUST-0565,71,3,9756.96,4,4,2,442,Other
CUST-0566,283,3,15320.52,2,4,4,244,Other
CUST-0567,270,1,10185.13,2,1,3,213,Other
CUST-0568,286,1,7117.49,2,1,2,212,Lost
CUST-0569,35,3,7073.05,5,4,2,542,Other
CUST-0570,727,1,4043.74,1,1,1,111,Lost
CUST-0571,698,1,16684.17,1,1,4,114,Other
CUST-0572,445,3,25931.89,1,4,5,145,Other
CUST-0573,49,7,57213.67,5,5,5,555,Champions
CUST-0575,422,4,22879.55,1,4,4,144,Other
CUST-0576,50,3,11131.73,5,4,3,543,Other
CUST-0578,345,3,11978.05,2,4,3,243,Other
CUST-0579,196,3,17994.78,3,4,4,344,At Risk
CUST-0580,98,5,14707.52,4,5,3,453,Other
CUST-0581,56,2,13764.88,5,2,3,523,Other
CUST-0582,27,7,14940.38,5,5,3,553,Other
CUST-0583,628,1,11830.38,1,1,3,113,Other
CUST-0584,132,5,21956.2,4,5,4,454,Loyal
CUST-0585,409,2,15741.75,1,2,4,124,Other
CUST-0586,426,2,22709.8,1,2,4,124,Other
CUST-0587,76,3,9971.99,4,4,3,443,Other
CUST-0588,165,6,51001.0,3,5,5,355,At Risk
CUST-0589,77,4,24285.51,4,4,5,445,Loyal
CUST-0590,123,2,6266.17,4,2,2,422,Other
CUST-0591,6,4,41656.6,5,4,5,545,Champions
CUST-0592,78,5,15704.31,4,5,4,454,Loyal
CUST-0593,565,2,16565.17,1,2,4,124,Other
CUST-0594,36,4,9941.61,5,4,3,543,Other
CUST-0595,438,2,23428.79,1,2,5,125,Other
CUST-0596,548,1,6314.35,1,1,2,112,Lost
CUST-0597,339,2,13067.84,2,2,3,223,Other
CUST-0598,32,4,38714.36,5,4,5,545,Champions
CUST-0599,93,2,11310.9,4,2,3,423,Other
CUST-0600,274,4,33825.12,2,4,5,245,Other
CUST-0601,239,2,5371.59,2,2,2,222,Other
CUST-0602,96,4,8667.86,4,5,2,452,Other
CUST-0603,90,6,35321.32,4,5,5,455,Loyal
CUST-0604,126,3,12942.92,4,4,3,443,Other
CUST-0605,192,1,1249.58,3,1,1,311,Other
CUST-0606,315,3,20256.38,2,4,4,244,Other
CUST-0607,67,8,39538.0,4,5,5,455,Loyal
CUST-0608,318,2,17691.17,2,2,4,224,Other
CUST-0609,488,1,108.0,1,1,1,111,Lost
CUST-0610,391,2,12551.48,1,2,3,123,Other
CUST-0611,145,3,32915.93,3,4,5,345,At Risk
CUST-0612,83,5,25146.06,4,5,5,455,Loyal
CUST-0613,564,1,18944.13,1,1,4,114,Other
CUST-0614,87,5,21767.46,4,5,4,454,Loyal
CUST-0615,239,1,12515.23,2,1,3,213,Other
CUST-0616,232,5,46206.28,3,5,5,355,At Risk
CUST-0617,17,1,2488.92,5,1,1,511,Other
CUST-0618,143,4,10275.07,3,5,3,353,Other
CUST-0619,417,2,8249.18,1,2,2,122,Lost
CUST-0620,181,4,6666.16,3,5,2,352,Other
CUST-0621,20,5,10778.33,5,5,3,553,Other
CUST-0622,63,2,13156.06,4,2,3,423,Other
CUST-0623,129,3,9781.29,4,4,2,442,Other
CUST-0625,573,2,15322.59,1,2,4,124,Other
CUST-0626,23,2,6407.61,5,2,2,522,Other
CUST-0627,158,2,5556.9,3,2,2,322,Other
CUST-0628,298,2,12333.21,2,2,3,223,Other
CUST-0629,273,4,23787.52,2,5,5,255,At Risk
CUST-0630,291,3,4729.6,2,4,2,242,Other
CUST-0631,254,4,14030.57,2,5,3,253,Other
CUST-0632,22,2,9809.49,5,2,3,523,Other
CUST-0633,21,4,23525.03,5,5,5,555,Champions
CUST-0634,303,2,15455.7,2,2,4,224,Other
CUST-0635,40,4,7258.04,5,5,2,552,Other
CUST-0636,398,1,1481.12,1,1,1,111,Lost
CUST-0637,397,2,217.18,1,2,1,121,Lost
CUST-0638,94,2,13184.27,4,2,3,423,Other
CUST-0639,118,3,15005.29,4,4,3,443,Other
CUST-0640,230,1,6319.39,3,1,2,312,Other
CUST-0641,9,2,7290.81,5,2,2,522,Other
CUST-0642,64,2,6471.01,4,2,2,422,Other
CUST-0643,69,5,20522.19,4,5,4,454,Loyal
CUST-0644,89,3,18072.26,4,4,4,444,Loyal
CUST-0645,196,5,18269.08,3,5,4,354,At Risk
CUST-0646,316,1,3192.27,2,1,1,211,Lost
CUST-0647,18,3,20093.57,5,4,4,544,Champions
CUST-0648,115,2,10075.45,4,2,3,423,Other
CUST-0649,376,2,11067.77,2,2,3,223,Other
CUST-0650,707,1,1286.49,1,1,1,111,Lost
CUST-0651,606,1,3269.38,1,1,1,111,Lost
CUST-0652,699,1,1362.49,1,1,1,111,Lost
CUST-0653,134,3,37316.9,4,4,5,445,Loyal
CUST-0654,360,2,5302.39,2,2,2,222,Other
CUST-0655,27,5,13859.06,5,5,3,553,Other
CUST-0656,211,3,13686.24,3,4,3,343,Other
CUST-0657,557,2,1157.73,1,2,1,121,Lost
CUST-0658,41,7,44886.31,5,5,5,555,Champions
CUST-0659,95,6,19477.45,4,5,4,454,Loyal
CUST-0660,84,3,20329.82,4,4,4,444,Loyal
CUST-0661,233,3,28621.31,3,4,5,345,At Risk
CUST-0662,291,1,6727.16,2,1,2,212,Lost
CUST-0663,289,2,4144.85,2,2,1,221,Other
CUST-0664,31,6,33823.92,5,5,5,555,Champions
CUST-0666,416,3,25432.81,1,4,5,145,Other
CUST-0667,380,1,6928.94,2,1,2,212,Lost
CUST-0668,119,5,17185.87,4,5,4,454,Loyal
CUST-0669,456,1,7922.9,1,1,2,112,Lost
CUST-0670,355,1,3469.4,2,1,1,211,Lost
CUST-0671,538,1,17114.54,1,1,4,114,Other
CUST-0672,265,3,21846.88,2,4,4,244,Other
CUST-0673,321,2,1495.54,2,2,1,221,Other
CUST-0675,18,1,5482.51,5,1,2,512,Other
CUST-0676,96,4,6655.36,4,5,2,452,Other
CUST-0677,441,3,17665.74,1,4,4,144,Other
CUST-0678,606,1,14487.92,1,1,3,113,Other
CUST-0679,558,2,4193.47,1,2,1,121,Lost
CUST-0680,38,4,35810.2,5,5,5,555,Champions
CUST-0681,80,3,31195.35,4,4,5,445,Loyal
CUST-0683,502,2,23828.62,1,2,5,125,Other
CUST-0684,399,4,32357.3,1,5,5,155,Other
CUST-0685,46,5,27078.99,5,5,5,555,Champions
CUST-0686,302,1,481.5,2,1,1,211,Lost
CUST-0687,253,1,1250.72,2,1,1,211,Lost
CUST-0688,362,3,5500.94,2,4,2,242,Other
CUST-0689,152,5,35329.48,3,5,5,355,At Risk
CUST-0690,132,4,16656.03,4,5,4,454,Loyal
CUST-0692,17,6,14081.85,5,5,3,553,Other
CUST-0693,493,1,312.65,1,1,1,111,Lost
CUST-0694,49,4,7834.94,5,5,2,552,Other
CUST-0695,251,2,13329.21,2,2,3,223,Other
CUST-0696,299,2,3384.72,2,2,1,221,Other
CUST-0697,151,2,1589.19,3,2,1,321,Other
CUST-0698,348,3,14091.06,2,4,3,243,Other
CUST-0699,277,1,7566.9,2,1,2,212,Lost
CUST-0700,198,3,8369.79,3,4,2,342,Other
CUST-0701,100,1,343.02,4,1,1,411,Other
CUST-0702,281,3,15608.14,2,4,4,244,Other
CUST-0703,101,4,15012.08,4,5,3,453,Other
CUST-0704,175,5,17067.2,3,5,4,354,At Risk
CUST-0705,627,1,14651.02,1,1,3,113,Other
CUST-0706,376,2,8649.49,2,2,2,222,Other
CUST-0707,49,6,16839.85,5,5,4,554,Champions
CUST-0708,162,3,22752.11,3,4,4,344,At Risk
CUST-0710,584,1,19766.23,1,1,4,114,Other
CUST-0711,263,1,6177.0,2,1,2,212,Lost
CUST-0712,143,2,3724.35,3,2,1,321,Other
CUST-0713,432,1,386.24,1,1,1,111,Lost
CUST-0714,157,1,13915.37,3,1,3,313,Other
CUST-0715,341,2,9752.4,2,2,2,222,Other
CUST-0716,328,1,9259.22,2,1,2,212,Lost
CUST-0717,138,4,36251.16,4,5,5,455,Loyal
CUST-0718,49,1,5245.92,5,1,2,512,Other
CUST-0719,374,1,10576.99,2,1,3,213,Other
CUST-0720,337,2,5614.03,2,2,2,222,Other
CUST-0721,460,1,6576.15,1,1,2,112,Lost
CUST-0722,53,3,11472.37,5,4,3,543,Other
CUST-0723,247,4,32800.51,2,5,5,255,At Risk
CUST-0724,221,1,4427.45,3,1,1,311,Other
CUST-0725,314,1,7134.82,2,1,2,212,Lost
CUST-0726,507,1,1800.8,1,1,1,111,Lost
CUST-0727,3,2,449.51,5,2,1,521,Other
CUST-0728,520,1,16917.68,1,1,4,114,Other
CUST-0729,1,2,14142.08,5,2,3,523,Other
CUST-0730,81,1,3928.75,4,1,1,411,Other
CUST-0731,200,1,485.62,3,1,1,311,Other
CUST-0732,330,1,6937.56,2,1,2,212,Lost
CUST-0733,663,2,4995.6,1,3,2,132,Other
CUST-0735,60,3,17710.28,4,4,4,444,Loyal
CUST-0736,11,5,40240.53,5,5,5,555,Champions
CUST-0737,156,2,2501.65,3,3,1,331,Other
CUST-0738,33,1,3589.37,5,1,1,511,Other
CUST-0739,75,2,1890.06,4,3,1,431,Other
CUST-0740,25,4,17964.89,5,5,4,554,Champions
CUST-0741,264,2,13325.28,2,3,3,233,Other
CUST-0742,30,5,29122.79,5,5,5,555,Champions
CUST-0743,140,3,11629.76,3,4,3,343,Other
CUST-0744,249,1,1163.55,2,1,1,211,Lost
CUST-0745,569,2,10792.21,1,3,3,133,Other
CUST-0746,178,2,23488.48,3,3,5,335,Other
CUST-0747,705,1,3630.29,1,1,1,111,Lost
CUST-0748,331,1,11615.72,2,1,3,213,Other
CUST-0749,253,2,7077.87,2,3,2,232,Other
CUST-0750,80,3,6646.89,4,4,2,442,Other
CUST-0751,25,4,18774.48,5,5,4,554,Champions
CUST-0752,294,2,7193.94,2,3,2,232,Other
CUST-0753,15,7,34720.73,5,5,5,555,Champions
CUST-0754,151,4,25203.33,3,5,5,355,At Risk
CUST-0755,162,2,20521.13,3,3,4,334,Other
CUST-0756,202,1,3088.53,3,1,1,311,Other
CUST-0757,307,2,2720.63,2,3,1,231,Other
CUST-0758,543,1,3001.46,1,1,1,111,Lost
CUST-0759,167,2,5670.61,3,3,2,332,Other
CUST-0760,219,2,6025.3,3,3,2,332,Other
CUST-0761,457,2,6032.94,1,3,2,132,Other
CUST-0762,639,1,233.02,1,1,1,111,Lost
CUST-0763,198,4,14966.43,3,5,3,353,Other
CUST-0764,443,4,18093.98,1,5,4,154,Other
CUST-0765,161,5,49104.62,3,5,5,355,At Risk
CUST-0766,633,2,4109.0,1,3,1,131,Other
CUST-0767,118,3,20290.26,4,4,4,444,Loyal
CUST-0769,193,3,9050.8,3,4,2,342,Other
CUST-0770,17,4,20823.41,5,5,4,554,Champions
CUST-0771,140,3,8403.89,3,4,2,342,Other
CUST-0772,18,6,35589.14,5,5,5,555,Champions
CUST-0773,339,1,1430.59,2,1,1,211,Lost
CUST-0774,41,3,9324.07,5,4,2,542,Other
CUST-0775,471,2,9214.38,1,3,2,132,Other
CUST-0776,154,3,9215.48,3,4,2,342,Other
CUST-0777,301,3,11697.06,2,4,3,243,Other
CUST-0778,142,2,18086.37,3,3,4,334,Other
CUST-0779,325,4,33588.01,2,5,5,255,At Risk
CUST-0780,228,2,12002.55,3,3,3,333,At Risk
CUST-0781,61,4,24350.91,4,5,5,455,Loyal
CUST-0782,473,1,5858.24,1,1,2,112,Lost
CUST-0785,419,6,40495.95,1,5,5,155,Other
CUST-0786,95,8,22313.52,4,5,4,454,Loyal
CUST-0787,592,2,729.18,1,3,1,131,Other
CUST-0788,36,3,23685.19,5,4,5,545,Champions
CUST-0789,540,3,26821.98,1,4,5,145,Other
CUST-0790,232,2,6708.64,3,3,2,332,Other
CUST-0791,409,2,4329.01,1,3,1,131,Other
CUST-0792,186,2,10947.9,3,3,3,333,At Risk
CUST-0793,190,1,6305.61,3,1,2,312,Other
CUST-0794,240,2,15563.15,2,3,4,234,Other
CUST-0795,484,2,13835.02,1,3,3,133,Other
CUST-0796,107,2,4046.12,4,3,1,431,Other
CUST-0797,147,3,23718.87,3,4,5,345,At Risk
CUST-0798,123,3,11421.71,4,4,3,443,Other
CUST-0799,211,2,1204.94,3,3,1,331,Other
CUST-0800,293,3,20867.91,2,4,4,244,Other
CUST-0801,22,3,23625.74,5,4,5,545,Champions
CUST-0802,11,2,12633.68,5,3,3,533,Other
CUST-0803,57,2,3010.95,5,3,1,531,Other
CUST-0805,315,3,20968.21,2,4,4,244,Other
CUST-0806,53,1,8259.72,5,1,2,512,Other
CUST-0807,46,4,31447.52,5,5,5,555,Champions
CUST-0808,459,2,1613.42,1,3,1,131,Other
CUST-0809,96,5,11278.24,4,5,3,453,Other
CUST-0810,154,2,14158.32,3,3,3,333,At Risk
CUST-0811,12,4,28049.04,5,5,5,555,Champions
CUST-0812,436,2,9853.2,1,3,3,133,Other
CUST-0813,248,2,14589.95,2,3,3,233,Other
CUST-0814,520,1,4322.96,1,1,1,111,Lost
CUST-0815,177,3,18828.04,3,4,4,344,At Risk
CUST-0817,101,2,1554.89,4,3,1,431,Other
CUST-0818,7,3,11910.67,5,4,3,543,Other
CUST-0819,56,7,62427.0,5,5,5,555,Champions
CUST-0821,411,2,13970.96,1,3,3,133,Other
CUST-0822,623,1,707.01,1,1,1,111,Lost
CUST-0823,663,1,7183.8,1,1,2,112,Lost
CUST-0824,17,2,13711.98,5,3,3,533,Other
CUST-0826,625,2,12438.09,1,3,3,133,Other
CUST-0827,181,2,16670.75,3,3,4,334,Other
CUST-0828,330,2,19839.66,2,3,4,234,Other
CUST-0829,49,3,28687.3,5,4,5,545,Champions
CUST-0830,317,1,2224.43,2,1,1,211,Lost
CUST-0831,70,2,19939.49,4,3,4,434,Other
CUST-0832,480,1,10092.39,1,1,3,113,Other
CUST-0833,454,5,19314.03,1,5,4,154,Other
CUST-0834,111,4,28574.62,4,5,5,455,Loyal
CUST-0835,694,1,347.7,1,1,1,111,Lost
CUST-0836,69,2,13473.86,4,3,3,433,Other
CUST-0837,151,6,9732.09,3,5,2,352,Other
CUST-0838,29,2,14415.56,5,3,3,533,Other
CUST-0839,499,1,1711.09,1,1,1,111,Lost
CUST-0840,322,1,3665.59,2,1,1,211,Lost
CUST-0841,97,3,7695.84,4,4,2,442,Other
CUST-0842,237,4,21262.39,3,5,4,354,At Risk
CUST-0843,288,1,3777.55,2,1,1,211,Lost
CUST-0844,155,2,7905.42,3,3,2,332,Other
CUST-0845,353,3,21074.9,2,4,4,244,Other
CUST-0846,376,2,2956.95,2,3,1,231,Other
CUST-0847,291,4,24508.02,2,5,5,255,At Risk
CUST-0848,214,4,25782.67,3,5,5,355,At Risk
CUST-0849,319,4,15496.94,2,5,4,254,Other
CUST-0850,462,1,5133.97,1,1,2,112,Lost
CUST-0851,209,2,1456.27,3,3,1,331,Other
CUST-0852,702,1,1008.55,1,1,1,111,Lost
CUST-0853,266,2,3623.29,2,3,1,231,Other
CUST-0854,300,2,20263.61,2,3,4,234,Other
CUST-0855,10,3,14756.38,5,4,3,543,Other
CUST-0856,28,5,21228.01,5,5,4,554,Champions
CUST-0857,143,2,14132.14,3,3,3,333,At Risk
CUST-0858,152,3,14193.76,3,4,3,343,Other
CUST-0859,264,2,16755.41,2,3,4,234,Other
CUST-0860,20,2,20236.49,5,3,4,534,Other
CUST-0861,177,1,1390.11,3,1,1,311,Other
CUST-0862,295,2,10023.08,2,3,3,233,Other
CUST-0863,79,2,9390.57,4,3,2,432,Other
CUST-0864,393,3,25266.27,1,4,5,145,Other
CUST-0865,117,3,13194.95,4,4,3,443,Other
CUST-0866,688,1,1040.03,1,1,1,111,Lost
CUST-0867,121,1,4434.56,4,1,1,411,Other
CUST-0868,44,4,20549.02,5,5,4,554,Champions
CUST-0869,492,1,11024.49,1,1,3,113,Other
CUST-0870,248,1,2596.38,2,1,1,211,Lost
CUST-0871,497,1,10414.01,1,1,3,113,Other
CUST-0872,317,1,204.4,2,2,1,221,Other
CUST-0873,107,5,20990.82,4,5,4,454,Loyal
CUST-0874,323,3,13968.85,2,4,3,243,Other
CUST-0876,127,3,4976.16,4,4,2,442,Other
CUST-0877,96,4,8782.25,4,5,2,452,Other
CUST-0879,242,1,2503.19,2,2,1,221,Other
CUST-0880,66,2,3528.4,4,3,1,431,Other
CUST-0881,177,4,11427.84,3,5,3,353,Other
CUST-0882,35,3,10252.48,5,4,3,543,Other
CUST-0883,57,4,29933.22,5,5,5,555,Champions
CUST-0884,11,2,15597.29,5,3,4,534,Other
CUST-0886,551,1,21.06,1,2,1,121,Lost
CUST-0887,204,3,20655.58,3,4,4,344,At Risk
CUST-0888,36,3,5638.6,5,4,2,542,Other
CUST-0889,333,3,24067.96,2,4,5,245,Other
CUST-0890,103,4,33932.13,4,5,5,455,Loyal
CUST-0891,105,1,13602.5,4,2,3,423,Other
CUST-0892,130,5,19039.79,4,5,4,454,Loyal
CUST-0893,310,4,23977.83,2,5,5,255,At Risk
CUST-0894,155,1,477.12,3,2,1,321,Other
CUST-0896,469,4,13182.5,1,5,3,153,Other
CUST-0898,178,3,21865.64,3,4,4,344,At Risk
CUST-0899,258,4,41273.95,2,5,5,255,At Risk
CUST-0900,207,3,6027.69,3,4,2,342,Other
CUST-0901,22,3,4086.17,5,4,1,541,Other
CUST-0902,467,1,20171.93,1,2,4,124,Other
CUST-0903,225,2,2499.5,3,3,1,331,Other
CUST-0904,459,2,2956.66,1,3,1,131,Other
CUST-0905,107,3,15564.19,4,4,4,444,Loyal
CUST-0906,213,1,335.88,3,2,1,321,Other
CUST-0908,134,5,29647.1,4,5,5,455,Loyal
CUST-0909,379,2,8270.14,2,3,2,232,Other
CUST-0911,476,2,16312.89,1,3,4,134,Other
CUST-0912,176,6,35704.13,3,5,5,355,At Risk
CUST-0913,173,3,20778.03,3,4,4,344,At Risk
CUST-0914,625,2,11672.56,1,3,3,133,Other
CUST-0915,224,2,3691.31,3,3,1,331,Other
CUST-0916,173,5,20742.18,3,5,4,354,At Risk
CUST-0917,168,3,13459.01,3,4,3,343,Other
CUST-0918,41,4,8134.32,5,5,2,552,Other
CUST-0919,345,1,8343.11,2,2,2,222,Other
CUST-0920,66,6,29843.84,4,5,5,455,Loyal
CUST-0921,454,3,36211.8,1,4,5,145,Other
CUST-0922,122,3,14384.92,4,4,3,443,Other
CUST-0923,16,4,15169.23,5,5,4,554,Champions
CUST-0924,298,2,5325.33,2,3,2,232,Other
CUST-0925,279,2,14808.49,2,3,3,233,Other
CUST-0926,116,4,15434.24,4,5,4,454,Loyal
CUST-0927,489,4,14943.18,1,5,3,153,Other
CUST-0928,175,3,9824.01,3,4,3,343,Other
CUST-0929,303,3,20474.76,2,4,4,244,Other
CUST-0930,303,2,30302.41,2,3,5,235,Other
CUST-0931,506,2,3505.66,1,3,1,131,Other
CUST-0932,284,5,48803.76,2,5,5,255,At Risk
CUST-0933,31,3,26374.81,5,4,5,545,Champions
CUST-0935,167,5,4282.06,3,5,1,351,Other
CUST-0936,278,5,49629.96,2,5,5,255,At Risk
CUST-0937,131,4,5748.8,4,5,2,452,Other
CUST-0938,457,2,2851.68,1,3,1,131,Other
CUST-0939,273,3,5755.46,2,4,2,242,Other
CUST-0940,374,1,6201.21,2,2,2,222,Other
CUST-0941,106,5,49575.8,4,5,5,455,Loyal
CUST-0942,144,1,1252.55,3,2,1,321,Other
CUST-0943,278,2,6898.17,2,3,2,232,Other
CUST-0944,396,3,17011.07,1,4,4,144,Other
CUST-0945,121,3,13118.33,4,4,3,443,Other
CUST-0946,2,3,26290.77,5,4,5,545,Champions
CUST-0947,200,2,15663.71,3,3,4,334,Other
CUST-0948,168,4,9512.98,3,5,2,352,Other
CUST-0949,22,5,22519.08,5,5,4,554,Champions
CUST-0951,238,1,6246.97,3,2,2,322,Other
CUST-0952,314,3,12387.16,2,4,3,243,Other
CUST-0953,58,2,407.19,5,3,1,531,Other
CUST-0954,71,2,14405.19,4,3,3,433,Other
CUST-0955,84,2,25084.35,4,3,5,435,Loyal
CUST-0956,380,1,7354.12,2,2,2,222,Other
CUST-0957,139,4,12982.28,4,5,3,453,Other
CUST-0958,75,3,26952.24,4,4,5,445,Loyal
CUST-0959,112,4,42659.84,4,5,5,455,Loyal
CUST-0960,171,3,19186.1,3,4,4,344,At Risk
CUST-0961,24,1,17530.18,5,2,4,524,Other
CUST-0962,36,3,20045.65,5,4,4,544,Champions
CUST-0963,375,2,9880.3,2,3,3,233,Other
CUST-0964,106,4,12797.73,4,5,3,453,Other
CUST-0965,6,2,4009.76,5,3,1,531,Other
CUST-0966,337,3,19227.12,2,4,4,244,Other
CUST-0967,55,4,21041.53,5,5,4,554,Champions
CUST-0968,88,3,21697.27,4,4,4,444,Loyal
CUST-0969,36,3,18251.53,5,4,4,544,Champions
CUST-0970,546,2,12454.84,1,3,3,133,Other
CUST-0971,87,6,34252.7,4,5,5,455,Loyal
CUST-0972,383,3,16622.49,2,4,4,244,Other
CUST-0973,179,4,30527.89,3,5,5,355,At Risk
CUST-0974,218,4,30335.9,3,5,5,355,At Risk
CUST-0975,663,1,4053.95,1,2,1,121,Lost
CUST-0976,49,6,45125.96,5,5,5,555,Champions
CUST-0978,123,5,24372.73,4,5,5,455,Loyal
CUST-0979,18,4,37932.41,5,5,5,555,Champions
CUST-0980,9,4,28460.92,5,5,5,555,Champions
CUST-0981,133,6,37507.59,4,5,5,455,Loyal
CUST-0982,366,2,3969.47,2,3,1,231,Other
CUST-0983,65,4,38465.93,4,5,5,455,Loyal
CUST-0984,37,5,22517.93,5,5,4,554,Champions
CUST-0985,75,3,17082.33,4,4,4,444,Loyal
CUST-0986,468,2,8437.89,1,3,2,132,Other
CUST-0987,6,3,8091.93,5,4,2,542,Other
CUST-0988,214,6,33556.99,3,5,5,355,At Risk
CUST-0989,104,1,15971.77,4,2,4,424,Other
CUST-0990,55,3,7986.98,5,4,2,542,Other
CUST-0991,138,3,15256.31,4,4,4,444,Loyal
CUST-0992,394,2,3589.56,1,3,1,131,Other
CUST-0993,102,6,50053.4,4,5,5,455,Loyal
CUST-0994,131,7,54449.68,4,5,5,455,Loyal
CUST-0995,146,3,30373.71,3,4,5,345,At Risk
CUST-0996,466,2,11574.47,1,3,3,133,Other
CUST-0997,346,1,3431.63,2,2,1,221,Other
CUST-0998,291,7,51639.96,2,5,5,255,At Risk
CUST-0999,95,3,13234.77,4,4,3,443,Other
CUST-1000,296,1,529.08,2,2,1,221,Other
