customer_id,cohort_month,first_order_month,months_to_first_order
CUST-0001,2025-11,2023-11,-23.0
CUST-0002,2021-02,2023-02,23.0
CUST-0003,2025-12,2023-03,-33.0
CUST-0004,2024-01,2023-02,-10.0
CUST-0005,2023-05,2023-03,-1.0
CUST-0006,2022-11,2024-04,17.0
CUST-0007,2022-11,2023-01,1.0
CUST-0008,2023-07,2023-09,1.0
CUST-0009,2022-06,2023-07,12.0
CUST-0010,2022-05,2023-03,10.0
CUST-0011,2023-02,2023-08,6.0
CUST-0012,2025-03,2024-04,-10.0
CUST-0013,2024-08,2024-02,-5.0
CUST-0014,2023-09,2023-02,-6.0
CUST-0015,2022-09,2023-04,7.0
CUST-0016,2022-08,2023-07,10.0
CUST-0017,2024-09,2023-06,-15.0
CUST-0018,2023-07,2023-07,0.0
CUST-0019,2021-02,2023-01,23.0
CUST-0020,2021-10,2023-02,15.0
CUST-0021,2022-02,2023-06,16.0
CUST-0022,2022-07,2024-04,20.0
CUST-0023,2025-10,2023-04,-29.0
CUST-0024,2024-07,2023-08,-11.0
CUST-0025,2022-01,2023-03,14.0
CUST-0026,2026-02,2023-05,-32.0
CUST-0027,2022-01,2023-12,23.0
CUST-0028,2025-02,2023-03,-22.0
CUST-0029,2021-10,2023-01,15.0
CUST-0030,2022-08,2023-05,8.0
CUST-0031,2020-11,2023-03,27.0
CUST-0032,2021-10,2024-03,29.0
CUST-0033,2023-11,2023-08,-3.0
CUST-0034,2025-03,2023-06,-20.0
CUST-0035,2025-11,2023-08,-27.0
CUST-0036,2021-04,2023-04,24.0
CUST-0037,2021-10,2023-05,19.0
CUST-0038,2021-04,2023-02,22.0
CUST-0039,2025-07,2024-02,-17.0
CUST-0040,2025-10,2023-06,-28.0
CUST-0041,2024-03,2023-01,-13.0
CUST-0042,2025-01,2023-04,-21.0
CUST-0043,2020-09,2023-01,27.0
CUST-0044,2025-09,2023-08,-24.0
CUST-0045,2020-08,2023-03,31.0
CUST-0046,2022-09,2023-04,7.0
CUST-0047,2023-05,2023-08,3.0
CUST-0048,2020-12,2023-07,30.0
CUST-0049,2020-08,2023-03,30.0
CUST-0050,2023-01,2023-02,0.0
CUST-0051,2024-10,2024-12,1.0
CUST-0052,2023-03,2023-03,0.0
CUST-0053,2026-05,2023-08,-32.0
CUST-0054,2025-04,2023-07,-20.0
CUST-0055,2023-02,2023-04,1.0
CUST-0056,2021-11,2023-03,15.0
CUST-0057,2022-02,2023-01,11.0
CUST-0058,2022-01,2023-06,16.0
CUST-0059,2024-01,2024-01,0.0
CUST-0060,2024-04,2024-05,1.0
CUST-0061,2024-09,2023-03,-17.0
CUST-0062,2022-07,2023-03,8.0
CUST-0063,2021-01,2023-10,32.0
CUST-0064,2021-09,2023-03,17.0
CUST-0065,2023-09,2023-05,-4.0
CUST-0066,2023-09,2024-11,13.0
CUST-0067,2020-08,2023-02,29.0
CUST-0068,2024-12,2023-01,-22.0
CUST-0069,2021-12,2023-05,17.0
CUST-0070,2022-07,2023-01,5.0
CUST-0071,2020-12,2023-05,28.0
CUST-0072,2022-06,2024-05,23.0
CUST-0073,2021-11,2023-01,14.0
CUST-0074,2023-01,2023-08,6.0
CUST-0075,2022-06,2023-02,7.0
CUST-0076,2023-05,2024-01,8.0
CUST-0077,2024-02,2023-05,-8.0
CUST-0078,2022-09,2023-03,6.0
CUST-0079,2022-09,2023-02,4.0
CUST-0080,2025-08,2023-11,-20.0
CUST-0081,2023-04,2023-05,0.0
CUST-0082,2023-11,2023-04,-7.0
CUST-0083,2022-11,2024-05,17.0
CUST-0084,2025-02,2023-02,-23.0
CUST-0085,2024-12,2023-10,-13.0
CUST-0086,2025-06,2023-01,-29.0
CUST-0087,2024-12,2023-05,-19.0
CUST-0088,2020-07,2023-10,39.0
CUST-0089,2021-05,2024-12,42.0
CUST-0090,2021-02,2024-02,36.0
CUST-0091,2022-12,2023-02,1.0
CUST-0092,2025-09,2023-01,-31.0
CUST-0093,2024-03,2023-08,-7.0
CUST-0094,2022-05,2023-05,11.0
CUST-0095,2021-09,2023-01,15.0
CUST-0096,2022-11,2023-03,3.0
CUST-0097,2024-08,2024-07,-1.0
CUST-0098,2026-02,2023-05,-32.0
CUST-0099,2025-12,2023-03,-33.0
CUST-0100,2024-05,2024-04,-1.0
CUST-0101,2026-01,2023-01,-35.0
CUST-0102,2021-05,2023-02,20.0
CUST-0103,2020-11,2023-10,34.0
CUST-0104,2025-01,2023-12,-13.0
CUST-0105,2022-06,2023-01,6.0
CUST-0106,2021-05,2023-12,30.0
CUST-0107,2024-06,2023-04,-13.0
CUST-0108,2023-04,2023-03,0.0
CUST-0109,2024-07,2023-03,-16.0
CUST-0110,2023-02,2024-06,15.0
CUST-0111,2020-10,2023-01,27.0
CUST-0112,2021-09,2023-08,23.0
CUST-0113,2024-04,2023-01,-14.0
CUST-0114,2023-04,2023-03,-1.0
CUST-0115,2025-09,2023-04,-29.0
CUST-0116,2022-11,2023-10,11.0
CUST-0117,2020-10,2023-03,28.0
CUST-0118,2025-03,2023-01,-25.0
CUST-0119,2025-05,2023-06,-22.0
CUST-0120,2025-01,2023-02,-22.0
CUST-0121,2022-12,2023-01,0.0
CUST-0122,2026-05,2023-01,-39.0
CUST-0123,2024-08,2023-03,-16.0
CUST-0124,2022-01,2023-04,14.0
CUST-0125,2020-09,2024-02,40.0
CUST-0126,2023-12,2024-07,7.0
CUST-0127,2024-07,2023-07,-12.0
CUST-0128,2026-03,2023-02,-36.0
CUST-0129,2024-12,2023-03,-21.0
CUST-0130,2022-05,2023-08,14.0
CUST-0131,2024-05,2023-12,-5.0
CUST-0132,2021-05,2023-05,23.0
CUST-0133,2025-01,2024-03,-9.0
CUST-0134,2023-11,2023-05,-5.0
CUST-0135,2021-04,2023-02,22.0
CUST-0136,2024-04,2023-06,-9.0
CUST-0137,2025-03,2023-08,-19.0
CUST-0138,2025-06,2023-05,-25.0
CUST-0139,2026-01,2023-04,-32.0
CUST-0140,2020-11,2023-02,27.0
CUST-0141,2025-06,2023-03,-27.0
CUST-0142,2024-11,,
CUST-0143,2021-04,2024-10,41.0
CUST-0144,2025-05,2024-08,-9.0
CUST-0145,2026-05,2024-01,-27.0
CUST-0146,2023-04,2023-07,2.0
CUST-0147,2026-04,2023-12,-27.0
CUST-0148,2021-07,2023-04,21.0
CUST-0149,2024-01,2023-07,-5.0
CUST-0150,2021-09,2023-06,21.0
CUST-0151,2024-01,2023-03,-10.0
CUST-0152,2022-09,2023-03,6.0
CUST-0153,2026-01,2023-02,-34.0
CUST-0154,2023-12,2023-01,-10.0
CUST-0155,2020-11,2023-05,30.0
CUST-0156,2025-07,2023-12,-19.0
CUST-0157,2026-03,2024-06,-20.0
CUST-0158,2022-02,2023-02,11.0
CUST-0159,2024-01,2023-07,-6.0
CUST-0160,2024-04,2023-04,-12.0
CUST-0161,2021-05,2023-04,22.0
CUST-0162,2024-02,2023-01,-13.0
CUST-0163,2022-04,2023-07,15.0
CUST-0164,2023-05,2023-04,-1.0
CUST-0165,2025-07,2023-07,-24.0
CUST-0166,2024-03,2023-04,-11.0
CUST-0167,2020-12,2023-11,34.0
CUST-0168,2024-04,2023-12,-3.0
CUST-0169,2025-05,2023-03,-25.0
CUST-0170,2022-01,2023-10,21.0
CUST-0171,2021-02,2023-04,25.0
CUST-0172,2025-08,2023-03,-28.0
CUST-0173,2020-11,2023-05,29.0
CUST-0174,2025-12,2023-01,-35.0
CUST-0175,2023-01,2023-05,3.0
CUST-0176,2021-07,2023-05,22.0
CUST-0177,2020-07,2023-11,39.0
CUST-0178,2021-01,2023-03,25.0
CUST-0179,2021-07,2023-01,17.0
CUST-0180,2026-03,2023-08,-30.0
CUST-0181,2024-05,2023-06,-11.0
CUST-0182,2024-09,2023-04,-17.0
CUST-0183,2023-07,2023-04,-3.0
CUST-0184,2024-03,2023-01,-14.0
CUST-0185,2023-12,2023-02,-9.0
CUST-0186,2025-12,2023-06,-30.0
CUST-0187,2024-05,2023-12,-4.0
CUST-0188,2025-08,2023-11,-20.0
CUST-0189,2025-09,2023-05,-27.0
CUST-0190,2021-08,2024-04,31.0
CUST-0191,2024-11,2023-01,-21.0
CUST-0192,2023-09,2023-02,-7.0
CUST-0193,2023-03,2024-04,12.0
CUST-0194,2024-06,2023-06,-12.0
CUST-0195,2022-02,2023-08,18.0
CUST-0196,2022-07,2023-01,5.0
CUST-0197,2023-07,2023-07,0.0
CUST-0198,2026-04,2023-04,-35.0
CUST-0199,2025-01,2023-01,-23.0
CUST-0200,2026-04,2023-05,-34.0
CUST-0201,2020-11,2023-01,25.0
CUST-0202,2026-03,2023-01,-38.0
CUST-0203,2021-09,2023-09,24.0
CUST-0204,2023-01,2023-01,0.0
CUST-0205,2021-05,2023-02,20.0
CUST-0206,2021-07,2023-01,17.0
CUST-0207,2023-02,2023-02,0.0
CUST-0208,2024-09,2024-01,-7.0
CUST-0209,2025-04,2023-06,-22.0
CUST-0210,2024-06,2023-01,-17.0
CUST-0211,2024-03,2023-05,-10.0
CUST-0212,2020-11,2024-08,44.0
CUST-0213,2024-10,2023-02,-20.0
CUST-0214,2021-03,2023-02,23.0
CUST-0215,2023-04,2023-05,1.0
CUST-0216,2022-08,2023-04,7.0
CUST-0217,2025-11,2023-08,-26.0
CUST-0218,2020-12,2023-04,28.0
CUST-0219,2023-05,2023-01,-3.0
CUST-0220,2024-03,2023-10,-5.0
CUST-0221,2021-10,2023-04,18.0
CUST-0222,2024-05,2023-03,-14.0
CUST-0223,2022-10,2023-01,2.0
CUST-0224,2023-07,2023-03,-3.0
CUST-0225,2024-09,2024-05,-3.0
CUST-0226,2023-04,2023-02,-2.0
CUST-0227,2021-07,2023-03,19.0
CUST-0228,2025-08,2023-04,-27.0
CUST-0229,2024-07,2024-01,-6.0
CUST-0230,2023-01,2023-10,9.0
CUST-0231,2025-05,2023-01,-27.0
CUST-0232,2021-09,2023-08,23.0
CUST-0233,2021-09,2023-01,15.0
CUST-0234,2020-12,2023-10,34.0
CUST-0235,2024-04,2023-01,-15.0
CUST-0236,2025-02,2023-01,-25.0
CUST-0237,2023-05,2023-03,-1.0
CUST-0238,2023-05,2023-01,-4.0
CUST-0239,2025-12,2023-03,-33.0
CUST-0240,2025-08,2023-01,-30.0
CUST-0241,2023-03,2023-05,2.0
CUST-0242,2023-11,2023-03,-8.0
CUST-0243,2025-11,2023-07,-27.0
CUST-0244,2021-11,2023-03,16.0
CUST-0245,2021-12,2023-02,13.0
CUST-0246,2023-04,2023-03,0.0
CUST-0247,2024-05,2023-04,-12.0
CUST-0248,2020-07,2023-01,29.0
CUST-0249,2024-01,2023-03,-10.0
CUST-0250,2020-06,2023-01,30.0
CUST-0251,2025-12,2023-07,-29.0
CUST-0252,2024-09,2023-01,-19.0
CUST-0253,2025-08,2023-02,-29.0
CUST-0254,2023-12,2023-06,-5.0
CUST-0255,2021-02,2023-04,25.0
CUST-0256,2022-02,2023-09,18.0
CUST-0257,2025-05,2023-04,-24.0
CUST-0258,2025-03,2023-08,-18.0
CUST-0259,2022-04,2023-05,12.0
CUST-0260,2024-06,2023-04,-13.0
CUST-0261,2023-08,2023-09,1.0
CUST-0262,2024-12,2023-02,-22.0
CUST-0263,2026-02,2023-01,-37.0
CUST-0264,2022-01,2023-05,16.0
CUST-0265,2022-03,2023-01,10.0
CUST-0266,2022-05,2023-02,8.0
CUST-0267,2025-04,2023-03,-25.0
CUST-0268,2023-12,2023-06,-6.0
CUST-0269,2020-10,2023-02,27.0
CUST-0270,2023-08,2023-01,-6.0
CUST-0271,2020-11,2023-09,33.0
CUST-0272,2025-11,,
CUST-0273,2025-07,2024-11,-7.0
CUST-0274,2022-12,2023-02,1.0
CUST-0275,2026-04,2023-09,-31.0
CUST-0276,2025-12,2023-06,-29.0
CUST-0277,2024-05,2023-04,-13.0
CUST-0278,2021-08,2023-08,24.0
CUST-0279,2022-05,2024-06,25.0
CUST-0280,2021-11,2023-01,13.0
CUST-0281,2020-11,2023-03,27.0
CUST-0282,2022-05,2023-04,10.0
CUST-0283,2026-01,2023-10,-27.0
CUST-0284,2020-07,2023-11,39.0
CUST-0285,2021-12,2023-03,14.0
CUST-0286,2022-09,2023-01,4.0
CUST-0287,2022-12,2023-04,3.0
CUST-0288,2024-06,2023-04,-14.0
CUST-0289,2025-03,2023-01,-26.0
CUST-0290,2025-03,2023-03,-24.0
CUST-0291,2023-02,2023-02,0.0
CUST-0292,2025-03,2023-02,-25.0
CUST-0293,2023-05,2023-02,-2.0
CUST-0294,2023-03,2023-01,-1.0
CUST-0295,2024-01,2023-06,-7.0
CUST-0296,2021-09,2023-03,17.0
CUST-0297,2020-06,2023-01,31.0
CUST-0298,2025-02,2024-01,-12.0
CUST-0299,2023-09,2023-04,-5.0
CUST-0300,2021-11,2023-03,16.0
CUST-0301,2024-07,2023-07,-11.0
CUST-0302,2021-04,2024-02,33.0
CUST-0303,2023-04,2023-05,1.0
CUST-0304,2022-02,2023-01,10.0
CUST-0305,2023-03,2024-01,10.0
CUST-0306,2021-12,2023-02,14.0
CUST-0307,2022-11,2023-06,7.0
CUST-0308,2022-12,2023-03,2.0
CUST-0309,2025-05,2024-01,-15.0
CUST-0310,2026-05,2023-04,-37.0
CUST-0311,2023-06,2023-11,5.0
CUST-0312,2021-04,2023-08,27.0
CUST-0313,2025-06,2023-01,-29.0
CUST-0314,2021-05,2023-02,20.0
CUST-0315,2023-05,2023-10,5.0
CUST-0316,2023-04,2023-11,6.0
CUST-0317,2025-03,2023-07,-19.0
CUST-0318,2020-08,2023-07,34.0
CUST-0319,2022-02,2023-06,15.0
CUST-0320,2023-03,2023-02,-1.0
CUST-0321,2025-06,2023-01,-29.0
CUST-0322,2022-12,2023-12,12.0
CUST-0323,2023-08,2023-01,-7.0
CUST-0324,2025-10,2023-03,-31.0
CUST-0325,2022-01,2023-09,20.0
CUST-0326,2023-09,2023-02,-7.0
CUST-0327,2021-10,2023-04,17.0
CUST-0328,2021-11,2024-11,36.0
CUST-0329,2021-05,2023-01,20.0
CUST-0330,2024-01,2023-10,-2.0
CUST-0331,2023-05,2023-06,0.0
CUST-0332,2025-05,2023-01,-28.0
CUST-0333,2022-03,2023-04,13.0
CUST-0334,2025-04,2023-06,-21.0
CUST-0335,2020-11,2023-01,25.0
CUST-0336,2026-02,2024-06,-20.0
CUST-0337,2021-03,2023-02,22.0
CUST-0338,2020-06,2023-04,34.0
CUST-0339,2020-12,2023-07,31.0
CUST-0340,2023-04,,
CUST-0341,2025-09,2023-04,-29.0
CUST-0342,2022-02,2023-08,17.0
CUST-0343,2023-07,2024-07,11.0
CUST-0344,2021-03,2023-09,29.0
CUST-0345,2020-06,2023-03,32.0
CUST-0346,2022-05,2024-03,21.0
CUST-0347,2021-07,2023-01,17.0
CUST-0348,2022-03,2023-05,13.0
CUST-0349,2021-08,2024-03,31.0
CUST-0350,2022-10,2023-02,4.0
CUST-0351,2024-10,2023-02,-20.0
CUST-0352,2024-08,2023-05,-14.0
CUST-0353,2023-02,2023-11,9.0
CUST-0354,2020-07,2023-01,30.0
CUST-0355,2025-10,2023-05,-28.0
CUST-0356,2025-08,2023-08,-23.0
CUST-0357,2023-09,2023-02,-7.0
CUST-0358,2020-11,2023-02,26.0
CUST-0359,2021-11,2023-11,23.0
CUST-0360,2022-08,2023-02,6.0
CUST-0361,2024-01,2023-04,-8.0
CUST-0362,2024-08,2023-06,-14.0
CUST-0363,2022-05,2023-02,9.0
CUST-0364,2021-09,2023-09,24.0
CUST-0365,2023-02,2023-01,0.0
CUST-0366,2023-10,2024-03,4.0
CUST-0367,2023-07,2023-01,-5.0
CUST-0368,2022-01,2023-02,12.0
CUST-0369,2025-01,2023-10,-15.0
CUST-0370,2022-02,2023-04,13.0
CUST-0371,2021-03,2023-02,22.0
CUST-0372,2021-02,2023-04,25.0
CUST-0373,2024-02,2023-10,-4.0
CUST-0374,2024-04,,
CUST-0375,2023-01,2023-08,7.0
CUST-0376,2021-03,2023-10,31.0
CUST-0377,2021-03,2023-05,26.0
CUST-0378,2020-09,2023-02,29.0
CUST-0379,2021-06,2023-03,21.0
CUST-0380,2025-10,2024-04,-17.0
CUST-0381,2024-03,2023-04,-10.0
CUST-0382,2025-04,2023-05,-22.0
CUST-0383,2022-03,2023-02,10.0
CUST-0384,2025-12,2023-03,-32.0
CUST-0385,2022-02,2023-09,19.0
CUST-0386,2024-06,2023-11,-7.0
CUST-0387,2025-06,2023-08,-22.0
CUST-0388,2025-05,2023-09,-20.0
CUST-0389,2023-09,2023-03,-6.0
CUST-0390,2026-05,2024-04,-24.0
CUST-0391,2022-01,2023-07,18.0
CUST-0392,2022-05,2023-04,10.0
CUST-0393,2021-12,2023-11,23.0
CUST-0394,2021-05,2023-07,26.0
CUST-0395,2023-04,2023-03,-1.0
CUST-0396,2023-02,2023-06,3.0
CUST-0397,2023-01,2024-06,17.0
CUST-0398,2025-03,2023-02,-25.0
CUST-0399,2021-08,2023-05,20.0
CUST-0400,2020-07,2024-06,47.0
CUST-0401,2024-02,2023-02,-11.0
CUST-0402,2023-08,2023-02,-6.0
CUST-0403,2022-12,2023-03,3.0
CUST-0404,2021-01,2023-07,30.0
CUST-0405,2021-10,2024-03,28.0
CUST-0406,2025-02,2023-03,-23.0
CUST-0407,2025-04,2023-06,-21.0
CUST-0408,2025-09,2023-04,-29.0
CUST-0409,2021-05,2023-01,19.0
CUST-0410,2023-07,2023-05,-2.0
CUST-0411,2025-03,2024-01,-14.0
CUST-0412,2025-06,2023-01,-29.0
CUST-0413,2025-04,2023-05,-23.0
CUST-0414,2026-03,2023-01,-37.0
CUST-0415,2020-10,2023-04,30.0
CUST-0416,2020-12,2023-03,27.0
CUST-0417,2024-11,2023-10,-12.0
CUST-0418,2022-11,2023-03,4.0
CUST-0419,2024-06,,
CUST-0420,2022-06,2023-09,15.0
CUST-0421,2024-08,2023-03,-16.0
CUST-0422,2023-02,2023-07,4.0
CUST-0423,2024-07,2023-04,-14.0
CUST-0424,2021-07,2023-05,21.0
CUST-0425,2022-07,2023-06,10.0
CUST-0426,2023-10,2023-01,-9.0
CUST-0427,2025-05,2023-01,-28.0
CUST-0428,2023-09,2023-11,2.0
CUST-0429,2022-03,2023-01,10.0
CUST-0430,2025-07,2023-03,-28.0
CUST-0431,2023-05,2023-01,-4.0
CUST-0432,2026-01,2023-03,-33.0
CUST-0433,2023-04,2023-01,-2.0
CUST-0434,2025-07,2023-05,-26.0
CUST-0435,2023-12,2023-04,-8.0
CUST-0436,2024-12,2023-05,-19.0
CUST-0437,2022-11,2023-01,1.0
CUST-0438,2021-03,2024-04,37.0
CUST-0439,2022-08,2023-06,9.0
CUST-0440,2021-01,2023-02,24.0
CUST-0441,2021-09,2023-03,18.0
CUST-0442,2021-02,2023-05,26.0
CUST-0443,2025-04,2023-01,-26.0
CUST-0444,2023-11,2023-06,-4.0
CUST-0445,2024-12,2023-01,-22.0
CUST-0446,2021-07,2023-05,22.0
CUST-0447,2024-04,2023-02,-13.0
CUST-0448,2022-01,2023-02,13.0
CUST-0449,2022-03,2024-03,24.0
CUST-0450,2022-08,2023-02,6.0
CUST-0451,2020-10,2023-04,30.0
CUST-0452,2026-03,2023-08,-31.0
CUST-0453,2024-10,2023-06,-15.0
CUST-0454,2024-11,2024-09,-2.0
CUST-0455,2026-04,2023-01,-38.0
CUST-0456,2024-08,2023-02,-17.0
CUST-0457,2022-12,2023-11,11.0
CUST-0458,2023-01,2023-01,0.0
CUST-0459,2021-11,2023-07,20.0
CUST-0460,2021-12,2023-05,17.0
CUST-0461,2025-12,2023-07,-29.0
CUST-0462,2023-12,2023-03,-9.0
CUST-0463,2025-08,2023-04,-28.0
CUST-0464,2024-02,2023-08,-6.0
CUST-0465,2024-10,2023-01,-21.0
CUST-0466,2023-09,2023-01,-7.0
CUST-0467,2024-05,2023-01,-16.0
CUST-0468,2020-11,2023-02,27.0
CUST-0469,2024-03,2023-01,-14.0
CUST-0470,2023-11,2023-02,-8.0
CUST-0471,2023-01,2023-06,5.0
CUST-0472,2022-04,2023-07,14.0
CUST-0473,2024-04,2023-03,-12.0
CUST-0474,2023-08,2023-06,-1.0
CUST-0475,2021-04,2023-05,24.0
CUST-0476,2023-04,2023-03,0.0
CUST-0477,2025-06,2023-01,-28.0
CUST-0478,2024-07,2023-05,-13.0
CUST-0479,2026-01,2023-05,-31.0
CUST-0480,2022-07,2023-07,11.0
CUST-0481,2025-07,2023-02,-28.0
CUST-0482,2022-03,2023-05,14.0
CUST-0483,2024-09,2023-06,-15.0
CUST-0484,2023-12,2023-02,-9.0
CUST-0485,2020-08,2024-04,44.0
CUST-0486,2022-07,2023-04,9.0
CUST-0487,2021-04,2023-01,20.0
CUST-0488,2024-10,2023-12,-9.0
CUST-0489,2023-01,2023-05,3.0
CUST-0490,2022-04,2023-03,10.0
CUST-0491,2024-03,2023-04,-10.0
CUST-0492,2024-01,2023-10,-3.0
CUST-0493,2021-09,2023-01,15.0
CUST-0494,2021-01,2023-11,33.0
CUST-0495,2023-12,2024-04,4.0
CUST-0496,2022-04,2023-09,17.0
CUST-0497,2025-11,2023-09,-26.0
CUST-0498,2025-01,2023-09,-15.0
CUST-0499,2020-10,2023-07,33.0
CUST-0500,2024-12,2023-09,-14.0
CUST-0501,2022-02,2023-03,12.0
CUST-0502,2026-03,2023-02,-37.0
CUST-0503,2025-02,2023-06,-20.0
CUST-0504,2024-02,2023-08,-5.0
CUST-0505,2025-05,2023-09,-20.0
CUST-0506,2021-02,2023-07,28.0
CUST-0507,2023-09,2024-02,4.0
CUST-0508,2025-12,2023-09,-26.0
CUST-0509,2023-10,2023-01,-9.0
CUST-0510,2021-12,2023-10,22.0
CUST-0511,2025-01,2024-02,-11.0
CUST-0512,2024-07,2023-04,-15.0
CUST-0513,2023-02,2023-02,0.0
CUST-0514,2024-01,2024-05,3.0
CUST-0515,2026-03,2024-10,-16.0
CUST-0516,2021-11,2023-03,15.0
CUST-0517,2025-09,2023-06,-26.0
CUST-0518,2022-03,2024-04,24.0
CUST-0519,2023-10,2023-05,-4.0
CUST-0520,2023-10,2023-12,2.0
CUST-0521,2021-12,2024-06,30.0
CUST-0522,2020-10,2023-03,29.0
CUST-0523,2023-09,2023-05,-3.0
CUST-0524,2022-08,2023-02,5.0
CUST-0525,2024-10,2023-09,-13.0
CUST-0526,2024-07,2023-09,-9.0
CUST-0527,2025-11,2023-07,-28.0
CUST-0528,2021-05,2023-02,20.0
CUST-0529,2025-04,2023-07,-20.0
CUST-0530,2024-10,2023-04,-18.0
CUST-0531,2021-02,2023-01,22.0
CUST-0532,2021-08,2023-03,19.0
CUST-0533,2025-06,2023-03,-27.0
CUST-0534,2026-03,2023-09,-30.0
CUST-0535,2024-12,2023-05,-19.0
CUST-0536,2026-03,2023-03,-35.0
CUST-0537,2023-08,2023-02,-6.0
CUST-0538,2021-02,2023-01,23.0
CUST-0539,2025-04,2024-02,-14.0
CUST-0540,2021-04,2023-03,23.0
CUST-0541,2026-03,2023-11,-28.0
CUST-0542,2024-07,2023-01,-17.0
CUST-0543,2022-05,2023-06,13.0
CUST-0544,2025-08,2023-03,-28.0
CUST-0545,2025-07,2023-10,-20.0
CUST-0546,2025-08,2023-01,-30.0
CUST-0547,2024-08,2023-06,-14.0
CUST-0548,2026-05,2023-11,-29.0
CUST-0549,2022-10,2023-05,7.0
CUST-0550,2021-03,2023-12,32.0
CUST-0551,2022-01,2024-06,28.0
CUST-0552,2024-09,2023-04,-16.0
CUST-0553,2024-03,2024-01,-2.0
CUST-0554,2020-08,2023-03,31.0
CUST-0555,2023-12,2023-02,-9.0
CUST-0556,2023-04,2023-02,-2.0
CUST-0557,2026-03,2023-06,-33.0
CUST-0558,2022-05,2023-08,15.0
CUST-0559,2026-02,2024-01,-25.0
CUST-0560,2024-08,2023-04,-15.0
CUST-0561,2022-04,2023-01,8.0
CUST-0562,2024-09,2023-03,-17.0
CUST-0563,2024-04,2023-01,-14.0
CUST-0564,2025-08,2023-02,-30.0
CUST-0565,2021-12,2023-08,19.0
CUST-0566,2026-03,2023-01,-38.0
CUST-0567,2021-08,2023-12,27.0
CUST-0568,2024-10,2023-01,-21.0
CUST-0569,2021-04,2023-03,23.0
CUST-0570,2023-04,2023-01,-2.0
CUST-0571,2026-03,2023-02,-37.0
CUST-0572,2026-02,2023-02,-36.0
CUST-0573,2021-08,2023-01,16.0
CUST-0574,2021-01,2024-11,46.0
CUST-0575,2024-03,2023-01,-14.0
CUST-0576,2021-06,2023-04,22.0
CUST-0577,2020-12,2024-04,40.0
CUST-0578,2022-08,2023-05,8.0
CUST-0579,2022-10,2023-01,2.0
CUST-0580,2024-06,2023-06,-12.0
CUST-0581,2021-12,2024-04,28.0
CUST-0582,2023-01,2023-04,2.0
CUST-0583,2021-09,2023-04,18.0
CUST-0584,2026-04,2023-07,-32.0
CUST-0585,2022-05,2023-02,8.0
CUST-0586,2025-11,2023-05,-30.0
CUST-0587,2026-04,2023-12,-27.0
CUST-0588,2022-11,2023-03,4.0
CUST-0589,2020-10,2023-07,32.0
CUST-0590,2021-03,2023-04,25.0
CUST-0591,2026-05,2023-01,-39.0
CUST-0592,2025-01,2023-01,-23.0
CUST-0593,2022-07,2023-02,6.0
CUST-0594,2024-11,2023-03,-19.0
CUST-0595,2025-01,2023-08,-17.0
CUST-0596,2022-04,2023-07,14.0
CUST-0597,2023-10,2023-10,0.0
CUST-0598,2021-03,2023-01,22.0
CUST-0599,2025-11,2023-01,-33.0
CUST-0600,2023-05,2023-02,-3.0
CUST-0601,2020-09,2023-01,27.0
CUST-0602,2024-05,2023-01,-16.0
CUST-0603,2022-08,2023-02,6.0
CUST-0604,2023-07,2023-03,-3.0
CUST-0605,2025-02,2024-06,-7.0
CUST-0606,2021-07,2023-01,18.0
CUST-0607,2026-01,2023-03,-33.0
CUST-0608,2025-12,2023-03,-33.0
CUST-0609,2023-07,2023-09,1.0
CUST-0610,2022-03,2023-02,10.0
CUST-0611,2022-07,2023-06,11.0
CUST-0612,2025-04,2023-05,-23.0
CUST-0613,2024-09,2023-06,-14.0
CUST-0614,2023-03,2023-04,1.0
CUST-0615,2023-08,2024-05,8.0
CUST-0616,2020-09,2023-01,28.0
CUST-0617,2020-08,2023-02,30.0
CUST-0618,2021-08,2023-09,25.0
CUST-0619,2025-04,2023-04,-23.0
CUST-0620,2025-04,2023-08,-20.0
CUST-0621,2020-11,2023-02,27.0
CUST-0622,2025-12,2023-04,-32.0
CUST-0623,2023-02,2023-01,-1.0
CUST-0624,2024-03,2024-04,0.0
CUST-0625,2021-07,2023-02,18.0
CUST-0626,2024-02,2023-06,-7.0
CUST-0627,2025-03,2023-04,-22.0
CUST-0628,2025-04,2023-06,-22.0
CUST-0629,2020-08,2023-11,38.0
CUST-0630,2022-05,2023-03,9.0
CUST-0631,2021-08,2023-03,18.0
CUST-0632,2022-03,2023-03,12.0
CUST-0633,2026-05,2024-05,-23.0
CUST-0634,2026-05,2023-01,-39.0
CUST-0635,2026-01,2023-08,-28.0
CUST-0636,2021-04,2023-11,31.0
CUST-0637,2025-03,2023-03,-23.0
CUST-0638,2023-05,2023-03,-1.0
CUST-0639,2025-02,2023-11,-15.0
CUST-0640,2023-08,2023-07,-1.0
CUST-0641,2023-01,2023-10,8.0
CUST-0642,2022-02,2023-04,14.0
CUST-0643,2025-12,2023-02,-34.0
CUST-0644,2020-08,2023-02,29.0
CUST-0645,2022-09,2023-02,4.0
CUST-0646,2025-07,2024-02,-17.0
CUST-0647,2021-07,2023-01,17.0
CUST-0648,2021-07,2023-07,23.0
CUST-0649,2026-02,2023-01,-36.0
CUST-0650,2023-03,2023-01,-1.0
CUST-0651,2023-01,2023-05,3.0
CUST-0652,2022-07,2023-02,7.0
CUST-0653,2022-01,2023-01,12.0
CUST-0654,2020-11,2023-05,29.0
CUST-0655,2021-12,2023-06,17.0
CUST-0656,2021-12,2023-02,14.0
CUST-0657,2025-12,2023-01,-35.0
CUST-0658,2023-07,2023-03,-3.0
CUST-0659,2023-04,2023-08,4.0
CUST-0660,2023-01,2023-03,2.0
CUST-0661,2020-06,2023-03,32.0
CUST-0662,2024-08,2023-06,-13.0
CUST-0663,2020-06,2023-01,30.0
CUST-0664,2023-05,2023-03,-1.0
CUST-0665,2023-12,2023-07,-5.0
CUST-0666,2020-09,2023-08,34.0
CUST-0667,2025-02,2023-03,-22.0
CUST-0668,2026-04,2023-06,-34.0
CUST-0669,2022-11,2023-10,10.0
CUST-0670,2024-10,2023-10,-12.0
CUST-0671,2021-06,2023-03,21.0
CUST-0672,2020-10,2023-06,31.0
CUST-0673,2020-12,2024-02,37.0
CUST-0674,2025-04,2024-02,-13.0
CUST-0675,2025-11,2024-02,-21.0
CUST-0676,2022-12,2023-01,1.0
CUST-0677,2020-12,2023-02,25.0
CUST-0678,2025-07,2023-05,-26.0
CUST-0679,2023-12,2023-05,-6.0
CUST-0680,2023-08,2023-01,-6.0
CUST-0681,2024-08,2023-08,-12.0
CUST-0682,2026-03,2024-01,-25.0
CUST-0683,2025-06,2023-06,-24.0
CUST-0684,2020-08,2023-02,30.0
CUST-0685,2023-02,2023-06,3.0
CUST-0686,2025-03,2023-09,-17.0
CUST-0687,2021-11,2023-05,18.0
CUST-0688,2026-02,2023-02,-36.0
CUST-0689,2025-10,2023-03,-30.0
CUST-0690,2024-05,2023-01,-16.0
CUST-0691,2025-11,2024-12,-10.0
CUST-0692,2023-07,2023-09,2.0
CUST-0693,2021-05,2023-03,22.0
CUST-0694,2023-11,2023-11,0.0
CUST-0695,2025-06,2023-01,-29.0
CUST-0696,2026-04,2023-05,-35.0
CUST-0697,2026-02,2024-02,-24.0
CUST-0698,2023-03,2023-05,1.0
CUST-0699,2025-06,2023-02,-28.0
CUST-0700,2025-10,2023-01,-33.0
CUST-0701,2025-04,2023-07,-21.0
CUST-0702,2023-05,2023-01,-3.0
CUST-0703,2020-11,2023-07,31.0
CUST-0704,2024-01,2023-02,-11.0
CUST-0705,2022-03,2023-04,12.0
CUST-0706,2021-09,2023-02,16.0
CUST-0707,2024-07,2023-02,-17.0
CUST-0708,2026-04,2023-08,-32.0
CUST-0709,2023-06,2023-09,3.0
CUST-0710,2024-09,2023-05,-15.0
CUST-0711,2023-07,2024-04,8.0
CUST-0712,2024-05,2023-04,-13.0
CUST-0713,2021-01,2023-03,26.0
CUST-0714,2024-05,2024-04,-1.0
CUST-0715,2020-09,2023-01,27.0
CUST-0716,2025-04,2023-04,-23.0
CUST-0717,2021-01,2023-12,34.0
CUST-0718,2021-05,2023-06,24.0
CUST-0719,2026-05,2023-12,-28.0
CUST-0720,2025-06,2023-04,-26.0
CUST-0721,2024-02,2023-03,-11.0
CUST-0722,2021-11,2023-02,15.0
CUST-0723,2022-08,2023-04,7.0
CUST-0724,2026-03,2023-12,-27.0
CUST-0725,2022-09,2023-03,5.0
CUST-0726,2022-06,2023-03,9.0
CUST-0727,2020-07,2023-11,40.0
CUST-0728,2022-04,2023-02,10.0
CUST-0729,2025-07,2023-03,-28.0
CUST-0730,2025-03,2024-10,-5.0
CUST-0731,2025-11,2023-03,-31.0
CUST-0732,2023-09,2024-01,4.0
CUST-0733,2025-08,2023-01,-30.0
CUST-0734,2024-03,2023-05,-9.0
CUST-0735,2025-12,2024-01,-22.0
CUST-0736,2020-06,2024-04,45.0
CUST-0737,2025-01,2023-05,-19.0
CUST-0738,2023-03,2024-01,9.0
CUST-0739,2021-02,2023-02,24.0
CUST-0740,2026-01,2023-06,-31.0
CUST-0741,2020-09,2023-01,28.0
CUST-0742,2025-11,2023-01,-33.0
CUST-0743,2023-04,2023-05,1.0
CUST-0744,2024-04,2023-01,-15.0
CUST-0745,2024-07,2023-01,-18.0
CUST-0746,2021-11,2024-06,30.0
CUST-0747,2020-12,2023-01,24.0
CUST-0748,2026-03,2023-04,-34.0
CUST-0749,2020-10,2023-02,28.0
CUST-0750,2025-02,2023-09,-17.0
CUST-0751,2023-08,2023-01,-6.0
CUST-0752,2025-12,2023-08,-27.0
CUST-0753,2025-11,2023-04,-31.0
CUST-0754,2024-08,2023-10,-10.0
CUST-0755,2022-01,2023-12,23.0
CUST-0756,2024-05,2023-03,-14.0
CUST-0757,2024-08,2023-05,-14.0
CUST-0758,2025-08,2023-07,-25.0
CUST-0759,2024-07,2024-04,-2.0
CUST-0760,2022-02,2023-10,20.0
CUST-0761,2023-12,2023-05,-6.0
CUST-0762,2021-08,2023-04,19.0
CUST-0763,2022-02,2024-03,24.0
CUST-0764,2021-11,2023-04,16.0
CUST-0765,2021-11,2023-07,20.0
CUST-0766,2025-06,2023-04,-26.0
CUST-0767,2023-03,2023-07,4.0
CUST-0768,2020-10,2023-05,30.0
CUST-0769,2021-03,2023-06,26.0
CUST-0770,2021-07,2023-03,20.0
CUST-0771,2024-04,2023-04,-11.0
CUST-0772,2023-11,2023-04,-7.0
CUST-0773,2023-03,2024-01,9.0
CUST-0774,2020-11,2023-02,27.0
CUST-0775,2020-10,2023-05,31.0
CUST-0776,2023-04,2023-05,1.0
CUST-0777,2023-05,2023-01,-4.0
CUST-0778,2024-09,2023-10,-10.0
CUST-0779,2024-04,2023-06,-10.0
CUST-0780,2021-09,2023-11,26.0
CUST-0781,2023-05,2023-01,-4.0
CUST-0782,2024-10,2023-09,-13.0
CUST-0783,2024-04,2023-04,-12.0
CUST-0784,2022-11,2024-08,20.0
CUST-0785,2024-12,2023-03,-21.0
CUST-0786,2025-04,2023-03,-25.0
CUST-0787,2023-08,2023-01,-6.0
CUST-0788,2021-08,2023-02,17.0
CUST-0789,2025-04,2023-04,-23.0
CUST-0790,2024-06,2023-04,-14.0
CUST-0791,2023-06,2023-04,-2.0
CUST-0792,2020-08,2023-11,39.0
CUST-0793,2023-02,2023-04,2.0
CUST-0794,2023-08,2024-04,8.0
CUST-0795,2024-03,2023-01,-14.0
CUST-0796,2023-12,2023-07,-5.0
CUST-0797,2023-04,2023-01,-2.0
CUST-0798,2023-12,2023-05,-6.0
CUST-0799,2025-02,2023-09,-16.0
CUST-0800,2020-08,2024-02,41.0
CUST-0801,2023-12,2023-01,-11.0
CUST-0802,2025-07,2023-08,-22.0
CUST-0803,2024-10,2023-01,-20.0
CUST-0804,2021-07,2023-08,24.0
CUST-0805,2021-01,2023-02,24.0
CUST-0806,2023-02,2023-12,10.0
CUST-0807,2020-07,2023-02,30.0
CUST-0808,2022-04,2023-08,16.0
CUST-0809,2021-07,2023-04,20.0
CUST-0810,2023-04,2023-11,6.0
CUST-0811,2026-04,2023-03,-36.0
CUST-0812,2021-01,2023-04,27.0
CUST-0813,2025-06,2023-08,-21.0
CUST-0814,2021-06,2023-07,25.0
CUST-0815,2022-10,2023-04,6.0
CUST-0816,2020-07,2024-06,47.0
CUST-0817,2021-04,2023-01,21.0
CUST-0818,2024-02,2023-03,-10.0
CUST-0819,2023-11,2023-01,-10.0
CUST-0820,2026-05,2023-09,-32.0
CUST-0821,2025-07,2023-07,-24.0
CUST-0822,2022-01,2023-04,15.0
CUST-0823,2024-02,2023-03,-11.0
CUST-0824,2021-11,2023-01,14.0
CUST-0825,2024-08,2023-11,-9.0
CUST-0826,2026-01,2023-02,-35.0
CUST-0827,2022-07,2023-01,6.0
CUST-0828,2021-12,2023-03,15.0
CUST-0829,2024-08,2023-05,-15.0
CUST-0830,2025-01,2023-02,-23.0
CUST-0831,2024-03,2023-02,-13.0
CUST-0832,2021-10,2023-09,22.0
CUST-0833,2026-03,2023-01,-38.0
CUST-0834,2025-06,2023-08,-21.0
CUST-0835,2021-07,2023-02,19.0
CUST-0836,2021-03,2023-01,21.0
CUST-0837,2023-01,2023-02,0.0
CUST-0838,2023-03,2023-07,4.0
CUST-0839,2025-05,2023-08,-21.0
CUST-0840,2026-02,2023-10,-28.0
CUST-0841,2022-02,2023-12,22.0
CUST-0842,2023-10,2023-03,-7.0
CUST-0843,2024-12,2023-04,-19.0
CUST-0844,2025-01,2023-05,-19.0
CUST-0845,2020-07,2023-07,35.0
CUST-0846,2022-09,2023-09,12.0
CUST-0847,2020-12,2023-07,31.0
CUST-0848,2023-11,2023-05,-6.0
CUST-0849,2025-11,2023-01,-34.0
CUST-0850,2023-01,2023-09,8.0
CUST-0851,2022-08,2023-01,5.0
CUST-0852,2020-11,2023-01,26.0
CUST-0853,2026-02,2023-01,-37.0
CUST-0854,2021-06,2024-01,31.0
CUST-0855,2021-06,2023-07,25.0
CUST-0856,2024-01,2023-01,-11.0
CUST-0857,2024-07,2023-05,-14.0
CUST-0858,2021-08,2024-03,30.0
CUST-0859,2026-01,2023-01,-36.0
CUST-0860,2026-05,2023-05,-35.0
CUST-0861,2022-08,2023-10,14.0
CUST-0862,2023-02,2023-11,8.0
CUST-0863,2024-06,2024-03,-2.0
CUST-0864,2026-05,2023-09,-32.0
CUST-0865,2025-11,2024-06,-17.0
CUST-0866,2025-04,2023-02,-26.0
CUST-0867,2024-04,2024-09,5.0
CUST-0868,2023-07,2023-01,-5.0
CUST-0869,2025-11,2023-08,-27.0
CUST-0870,2020-10,2023-01,26.0
CUST-0871,2021-05,2023-02,20.0
CUST-0872,2022-04,2024-02,21.0
CUST-0873,2024-01,2023-02,-11.0
CUST-0874,2023-11,2023-06,-5.0
CUST-0875,2025-05,2024-06,-11.0
CUST-0876,2026-04,2023-09,-30.0
CUST-0877,2023-03,2023-02,-1.0
CUST-0878,2022-12,2023-11,10.0
CUST-0879,2024-08,2024-05,-3.0
CUST-0880,2021-05,2024-01,31.0
CUST-0881,2025-08,2023-05,-27.0
CUST-0882,2024-08,2023-11,-8.0
CUST-0883,2022-05,2023-04,10.0
CUST-0884,2024-03,2023-01,-13.0
CUST-0885,2021-06,2023-07,25.0
CUST-0886,2026-01,2023-06,-30.0
CUST-0887,2026-03,2023-03,-35.0
CUST-0888,2023-03,2023-02,0.0
CUST-0889,2026-01,2023-07,-29.0
CUST-0890,2025-04,2023-07,-20.0
CUST-0891,2025-07,2024-09,-9.0
CUST-0892,2023-09,2023-02,-7.0
CUST-0893,2023-01,2023-02,0.0
CUST-0894,2024-03,2023-09,-5.0
CUST-0895,2025-08,2023-01,-30.0
CUST-0896,2024-11,2023-01,-22.0
CUST-0897,2022-12,2024-03,15.0
CUST-0898,2025-02,2023-06,-19.0
CUST-0899,2025-03,2023-05,-22.0
CUST-0900,2021-12,2023-08,19.0
CUST-0901,2022-08,2023-01,4.0
CUST-0902,2022-08,2023-09,13.0
CUST-0903,2024-06,2023-06,-11.0
CUST-0904,2026-04,2023-09,-31.0
CUST-0905,2021-05,2023-01,20.0
CUST-0906,2022-06,2023-04,9.0
CUST-0907,2024-06,2023-02,-15.0
CUST-0908,2024-03,2023-05,-10.0
CUST-0909,2025-10,2023-02,-31.0
CUST-0910,2025-02,2023-03,-23.0
CUST-0911,2020-07,2023-03,31.0
CUST-0912,2025-09,2023-01,-32.0
CUST-0913,2023-05,2023-01,-3.0
CUST-0914,2023-09,2023-01,-8.0
CUST-0915,2022-10,2023-09,10.0
CUST-0916,2023-12,2023-01,-11.0
CUST-0917,2023-06,2023-06,0.0
CUST-0918,2025-08,2023-10,-22.0
CUST-0919,2021-09,2023-11,26.0
CUST-0920,2024-04,2023-05,-11.0
CUST-0921,2021-10,2023-01,14.0
CUST-0922,2024-08,2023-09,-11.0
CUST-0923,2023-12,2023-03,-8.0
CUST-0924,2021-02,2023-03,24.0
CUST-0925,2022-05,2023-08,15.0
CUST-0926,2023-06,2023-04,-2.0
CUST-0927,2024-02,2023-01,-12.0
CUST-0928,2026-01,2023-10,-27.0
CUST-0929,2022-10,2023-02,3.0
CUST-0930,2025-09,2023-07,-26.0
CUST-0931,2020-09,2023-02,28.0
CUST-0932,2021-03,2023-02,23.0
CUST-0933,2025-06,2023-03,-27.0
CUST-0934,2020-12,2023-07,31.0
CUST-0935,2024-03,2023-02,-13.0
CUST-0936,2025-10,2023-03,-30.0
CUST-0937,2023-08,2023-01,-6.0
CUST-0938,2021-08,2023-01,16.0
CUST-0939,2024-03,2023-12,-3.0
CUST-0940,2025-10,2023-02,-32.0
CUST-0941,2021-08,2023-04,20.0
CUST-0942,2021-09,2024-08,34.0
CUST-0943,2022-11,2023-01,2.0
CUST-0944,2021-08,2023-05,21.0
CUST-0945,2024-07,2023-04,-15.0
CUST-0946,2024-04,2023-04,-11.0
CUST-0947,2024-03,2023-04,-11.0
CUST-0948,2023-09,2023-06,-2.0
CUST-0949,2021-10,2023-09,22.0
CUST-0950,2022-01,,
CUST-0951,2021-06,2023-01,18.0
CUST-0952,2021-02,2023-04,25.0
CUST-0953,2024-02,2023-09,-5.0
CUST-0954,2025-01,2023-05,-19.0
CUST-0955,2021-11,2023-08,21.0
CUST-0956,2023-12,2023-12,0.0
CUST-0957,2025-05,2023-01,-28.0
CUST-0958,2023-11,2024-02,2.0
CUST-0959,2021-04,2023-10,29.0
CUST-0960,2024-08,2023-11,-9.0
CUST-0961,2025-02,2024-02,-12.0
CUST-0962,2024-07,2023-05,-13.0
CUST-0963,2022-10,2023-09,11.0
CUST-0964,2025-02,2023-04,-22.0
CUST-0965,2026-01,2023-02,-34.0
CUST-0966,2025-08,2023-01,-30.0
CUST-0967,2024-07,2023-06,-13.0
CUST-0968,2024-03,2023-02,-12.0
CUST-0969,2023-07,2023-11,3.0
CUST-0970,2023-06,2023-04,-2.0
CUST-0971,2020-09,2023-08,34.0
CUST-0972,2023-10,2023-02,-8.0
CUST-0973,2026-02,2023-10,-28.0
CUST-0974,2022-05,2023-11,17.0
CUST-0975,2025-08,2023-03,-29.0
CUST-0976,2023-02,2023-03,0.0
CUST-0977,2022-04,2023-02,9.0
CUST-0978,2025-04,2023-05,-22.0
CUST-0979,2021-10,2023-03,17.0
CUST-0980,2025-09,2023-06,-27.0
CUST-0981,2023-04,2023-02,-1.0
CUST-0982,2025-05,2023-07,-21.0
CUST-0983,2021-06,2023-01,18.0
CUST-0984,2025-03,2023-02,-24.0
CUST-0985,2025-09,2023-04,-29.0
CUST-0986,2024-04,2023-02,-13.0
CUST-0987,2025-04,2023-02,-25.0
CUST-0988,2022-06,2023-06,11.0
CUST-0989,2023-01,2024-09,19.0
CUST-0990,2023-07,2023-02,-5.0
CUST-0991,2020-11,2023-07,32.0
CUST-0992,2024-06,2023-04,-14.0
CUST-0993,2022-12,2023-01,0.0
CUST-0994,2022-04,2023-02,9.0
CUST-0995,2023-08,2023-07,0.0
CUST-0996,2021-05,2023-05,23.0
CUST-0997,2022-10,2023-04,5.0
CUST-0998,2020-08,2023-03,31.0
CUST-0999,2023-04,2023-05,1.0
CUST-1000,2020-12,2024-02,38.0
